,start,end,startlat,startlng,endlat,endlng,direction,sentence,duration,distance
16,이태원제1동,신당1동,126.9950384,37.5325225,127.0145478,37.5620973,이태원제1동신당1동,이태원제1동에서 신당1동,14,18
46,이문3동,둔촌제2동,127.065075,37.6033571,127.1419221,37.5332885,이문3동둔촌제2동,이문3동에서 둔촌제2동,33,14
128,이문3동,오금동,127.065075,37.6033571,126.9138,37.6674,이문3동오금동,이문3동에서 오금동,50,23
170,상도1동,면목3.8동,126.953089,37.4981,127.0880603,37.5829681,상도1동면목3.8동,상도1동에서 면목3.8동,37,20
178,상도1동,영등포동,126.953089,37.4981,126.9106918,37.5203985,상도1동영등포동,상도1동에서 영등포동,15,5.6
191,공릉1.3동,면목3.8동,127.073838,37.624874,127.0880603,37.5829681,공릉1.3동면목3.8동,공릉1.3동에서 면목3.8동,21,6.6
253,답십리4동,충현동,127.06125,37.567417,126.9546863,37.5648265,답십리4동충현동,답십리4동에서 충현동,31,11
258,신당3동,광희동,127.0090022,37.552479,127.0050623,37.564494,신당3동광희동,신당3동에서 광희동,7,2.1
268,답십리4동,반포4동,127.06125,37.567417,127.0003853,37.4974314,답십리4동반포4동,답십리4동에서 반포4동,28,15
287,신당3동,둔촌제2동,127.0090022,37.552479,127.1419221,37.5332885,신당3동둔촌제2동,신당3동에서 둔촌제2동,30,15
306,장안1동,풍납2동,127.066375,37.567842,127.1157686,37.5292584,장안1동풍납2동,장안1동에서 풍납2동,20,8.7
317,잠실3동,면목3.8동,127.094375,37.513333,127.0880603,37.5829681,잠실3동면목3.8동,잠실3동에서 면목3.8동,24,13
340,장안2동,송산1동,127.0706,37.578483,127.0866851,37.7311817,장안2동송산1동,장안2동에서 송산1동,31,21
367,장안1동,휘경제2동,127.066375,37.567842,127.0685788,37.5902093,장안1동휘경제2동,장안1동에서 휘경제2동,10,2.7
398,상도1동,신장2동,126.953089,37.4981,127.2140117,37.5417094,상도1동신장2동,상도1동에서 신장2동,48,34
405,방학제1동,가능동,127.0407251,37.6641763,127.0384877,37.7505409,방학제1동가능동,방학제1동에서 가능동,19,11
431,상도1동,안양8동,126.953089,37.4981,126.932137,37.3842191,상도1동안양8동,상도1동에서 안양8동,38,18
433,신당4동,혜화동,127.014687,37.557083,127.0005764,37.5869186,신당4동혜화동,신당4동에서 혜화동,18,4.9
445,신정4동,답십리3동,126.8558042,37.5245455,127.0512678,37.5717963,신정4동답십리3동,신정4동에서 답십리3동,47,25
452,전농3동,상봉제2동,127.0600375,37.5781027,127.0808518,37.592892,전농3동상봉제2동,전농3동에서 상봉제2동,12,3.7
485,고덕제2동,답십리3동,127.16435,37.5605,127.0512678,37.5717963,고덕제2동답십리3동,고덕제2동에서 답십리3동,27,14
500,상도1동,종로1.2.3.4가동,126.953089,37.4981,126.9902618,37.574461,상도1동종로1.2.3.4가동,상도1동에서 종로1.2.3.4가동,27,11
518,신당3동,여의동,127.0090022,37.552479,126.934584,37.5177232,신당3동여의동,신당3동에서 여의동,28,14
551,사직동,제기동,126.9688397,37.576196,127.0378551,37.5831612,사직동제기동,사직동에서 제기동,28,14
582,신내1동,면목3.8동,127.099538,37.605882,127.0880603,37.5829681,신내1동면목3.8동,신내1동에서 면목3.8동,11,3.8
609,성내제2동,답십리4동,127.129563,37.532425,127.06125,37.567417,성내제2동답십리4동,성내제2동에서 답십리4동,24,8.8
614,답십리4동,수유제3동,127.06125,37.567417,127.023125,37.638715,답십리4동수유제3동,답십리4동에서 수유제3동,32,10
687,방배3동,제기동,126.9999918,37.4784409,127.0378551,37.5831612,방배3동제기동,방배3동에서 제기동,38,15
804,자양제2동,신당6동,127.084438,37.528825,127.0194239,37.5600562,자양제2동신당6동,자양제2동에서 신당6동,17,9.1
818,신당3동,정자3동,127.0090022,37.552479,127.1195385,37.3607965,신당3동정자3동,신당3동에서 정자3동,45,29
848,이문3동,휘경제2동,127.065075,37.6033571,127.0685788,37.5902093,이문3동휘경제2동,이문3동에서 휘경제2동,6,2.8
865,도봉제2동,의정부1동,127.046575,37.669751,127.0475771,37.7464356,도봉제2동의정부1동,도봉제2동에서 의정부1동,21,11
1011,공릉1.3동,제기동,127.073838,37.624874,127.0378551,37.5831612,공릉1.3동제기동,공릉1.3동에서 제기동,20,7.9
1024,상도1동,여의동,126.953089,37.4981,126.934584,37.5177232,상도1동여의동,상도1동에서 여의동,15,5.8
1106,답십리3동,소사본2동,127.0512678,37.5717963,126.79993,37.4800723,답십리3동소사본2동,답십리3동에서 소사본2동,58,36
1125,일원본동,면목3.8동,127.0864633,37.4833484,127.0880603,37.5829681,일원본동면목3.8동,일원본동에서 면목3.8동,34,20
1131,명륜3가,석촌동,126.9931,37.5875,127.1037,37.503592,명륜3가석촌동,명륜3가에서 석촌동,39,27
1172,중계4동,김포본동,127.0780091,37.6587275,126.7057,37.6275987,중계4동김포본동,중계4동에서 김포본동,52,51
1198,상도1동,역삼1동,126.953089,37.4981,127.0333574,37.4954841,상도1동역삼1동,상도1동에서 역삼1동,24,11
1292,용답동,장안1동,127.0555515,37.5640618,127.066375,37.567842,용답동장안1동,용답동에서 장안1동,7,1.9
1296,제기동,종암동,127.0378551,37.5831612,127.0351572,37.5990075,제기동종암동,제기동에서 종암동,9,2.2
1319,신당4동,이화동,127.014687,37.557083,127.004338,37.577008,신당4동이화동,신당4동에서 이화동,13,3.5
1324,내곡동,신당3동,127.0583103,37.4493583,127.0090022,37.552479,내곡동신당3동,내곡동에서 신당3동,27,14
1329,상도1동,제기동,126.953089,37.4981,127.0378551,37.5831612,상도1동제기동,상도1동에서 제기동,37,17
1336,신당3동,화양동,127.0090022,37.552479,127.0713152,37.5465421,신당3동화양동,신당3동에서 화양동,23,7.6
1349,구의제2동,전농3동,127.0899111,37.5472481,127.0600375,37.5781027,구의제2동전농3동,구의제2동에서 전농3동,19,6.7
1428,제기동,신정3동,127.0378551,37.5831612,126.8547892,37.5151685,제기동신정3동,제기동에서 신정3동,43,29
1438,신당4동,삼선동,127.014687,37.557083,127.0146297,37.5908326,신당4동삼선동,신당4동에서 삼선동,16,4.3
1447,면목3.8동,장안1동,127.0880603,37.5829681,127.066375,37.567842,면목3.8동장안1동,면목3.8동에서 장안1동,10,3.2
1458,휘경제2동,장안2동,127.0685788,37.5902093,127.0706,37.578483,휘경제2동장안2동,휘경제2동에서 장안2동,9,2.7
1498,신당3동,진건읍,127.0090022,37.552479,127.1777148,37.6546279,신당3동진건읍,신당3동에서 진건읍,52,26
1526,장안2동,휘경제2동,127.0706,37.578483,127.0685788,37.5902093,장안2동휘경제2동,장안2동에서 휘경제2동,6,1.9
1543,길동,신당3동,127.1426791,37.5345598,127.0090022,37.552479,길동신당3동,길동에서 신당3동,26,19
1565,장안1동,영등포본동,127.066375,37.567842,126.9093046,37.5146826,장안1동영등포본동,장안1동에서 영등포본동,33,21
1582,논현2동,삼송동,127.037213,37.517342,126.8937039,37.6525828,논현2동삼송동,논현2동에서 삼송동,66,35
1596,답십리4동,광희동,127.06125,37.567417,127.0050623,37.564494,답십리4동광희동,답십리4동에서 광희동,20,7.1
1601,이화동,답십리4동,127.004338,37.577008,127.06125,37.567417,이화동답십리4동,이화동에서 답십리4동,23,6.9
1603,답십리3동,오류제2동,127.0512678,37.5717963,126.8395371,37.4888016,답십리3동오류제2동,답십리3동에서 오류제2동,46,34
1611,방화제3동,제기동,126.8135628,37.5787386,127.0378551,37.5831612,방화제3동제기동,방화제3동에서 제기동,40,29
1613,면목제4동,상도1동,127.0855775,37.5746736,126.953089,37.4981,면목제4동상도1동,면목제4동에서 상도1동,34,19
1627,신정3동,제기동,126.8547892,37.5151685,127.0378551,37.5831612,신정3동제기동,신정3동에서 제기동,46,26
1636,전농3동,반포3동,127.0600375,37.5781027,127.0056289,37.5120925,전농3동반포3동,전농3동에서 반포3동,21,11
1656,답십리4동,사직동,127.06125,37.567417,126.9688397,37.576196,답십리4동사직동,답십리4동에서 사직동,27,9.7
1769,전농3동,면목3.8동,127.0600375,37.5781027,127.0880603,37.5829681,전농3동면목3.8동,전농3동에서 면목3.8동,9,3.2
1792,장안1동,상일동,127.066375,37.567842,127.1683007,37.550583,장안1동상일동,장안1동에서 상일동,25,15
1798,상도1동,강일동,126.953089,37.4981,127.173909,37.5649783,상도1동강일동,상도1동에서 강일동,39,28
1823,상도1동,보라매동,126.953089,37.4981,126.9327389,37.4881456,상도1동보라매동,상도1동에서 보라매동,9,3.1
1830,장안1동,신대방제2동,127.066375,37.567842,126.9244085,37.4984422,장안1동신대방제2동,장안1동에서 신대방제2동,36,19
1889,전농3동,명동,127.0600375,37.5781027,126.98585,37.560042,전농3동명동,전농3동에서 명동,26,8.5
1909,사근동,면목3.8동,127.0453315,37.5614846,127.0880603,37.5829681,사근동면목3.8동,사근동에서 면목3.8동,17,5.8
1921,상도1동,서빙고동,126.953089,37.4981,126.994663,37.520458,상도1동서빙고동,상도1동에서 서빙고동,14,6.9
1922,이문3동,성수1가제2동,127.065075,37.6033571,127.0443325,37.5462991,이문3동성수1가제2동,이문3동에서 성수1가제2동,21,15
1947,방화제1동,상도1동,126.817026,37.5703659,126.953089,37.4981,방화제1동상도1동,방화제1동에서 상도1동,25,19
1948,이태원제1동,김포본동,126.9950384,37.5325225,126.7057,37.6275987,이태원제1동김포본동,이태원제1동에서 김포본동,50,37
1959,망우본동,면목3.8동,127.1014684,37.6005732,127.0880603,37.5829681,망우본동면목3.8동,망우본동에서 면목3.8동,10,3.1
1969,신내2동,장안2동,127.0942306,37.6061896,127.0706,37.578483,신내2동장안2동,신내2동에서 장안2동,16,5.4
1972,답십리4동,이화동,127.06125,37.567417,127.004338,37.577008,답십리4동이화동,답십리4동에서 이화동,17,6.3
2011,풍납2동,가능동,127.1157686,37.5292584,127.0384877,37.7505409,풍납2동가능동,풍납2동에서 가능동,33,35
2036,이화동,장안1동,127.004338,37.577008,127.066375,37.567842,이화동장안1동,이화동에서 장안1동,24,7.5
2037,신당1동,서초2동,127.0145478,37.5620973,127.02496,37.49208,신당1동서초2동,신당1동에서 서초2동,24,9.2
2092,장안2동,역곡2동,127.0706,37.578483,126.7871105,37.4965961,장안2동역곡2동,장안2동에서 역곡2동,60,39
2111,답십리3동,화양동,127.0512678,37.5717963,127.0713152,37.5465421,답십리3동화양동,답십리3동에서 화양동,13,4.7
2135,성산제2동,명륜3가,126.9090061,37.568618,126.9931,37.5875,성산제2동명륜3가,성산제2동에서 명륜3가,24,11
2248,답십리3동,잠실6동,127.0512678,37.5717963,127.10065,37.518142,답십리3동잠실6동,답십리3동에서 잠실6동,22,13
2251,신당4동,중화제2동,127.014687,37.557083,127.0795427,37.5993838,신당4동중화제2동,신당4동에서 중화제2동,33,11
2258,신당1동,신정7동,127.0145478,37.5620973,126.8597007,37.514393,신당1동신정7동,신당1동에서 신정7동,45,25
2275,중화제2동,면목3.8동,127.0795427,37.5993838,127.0880603,37.5829681,중화제2동면목3.8동,중화제2동에서 면목3.8동,10,2.7
2315,진관동,상도1동,126.9210512,37.634983,126.953089,37.4981,진관동상도1동,진관동에서 상도1동,38,23
2325,한강로동,상도1동,126.9692332,37.5281071,126.953089,37.4981,한강로동상도1동,한강로동에서 상도1동,16,4.9
2362,신당3동,노량진제1동,127.0090022,37.552479,126.942013,37.512308,신당3동노량진제1동,신당3동에서 노량진제1동,28,12
2369,전농3동,성북동,127.0600375,37.5781027,127.0032875,37.5911237,전농3동성북동,전농3동에서 성북동,20,6.3
2373,화곡제1동,장기본동,126.841562,37.530408,126.6716999,37.6523061,화곡제1동장기본동,화곡제1동에서 장기본동,33,24
2430,제기동,중계2.3동,127.0378551,37.5831612,127.0687126,37.6421829,제기동중계2.3동,제기동에서 중계2.3동,27,11
2444,역촌동,장기본동,126.915114,37.6044046,126.6716999,37.6523061,역촌동장기본동,역촌동에서 장기본동,39,30
2501,신촌동,상도1동,126.9418114,37.5640923,126.953089,37.4981,신촌동상도1동,신촌동에서 상도1동,32,12
2503,제기동,응암제2동,127.0378551,37.5831612,126.9230926,37.5946071,제기동응암제2동,제기동에서 응암제2동,33,18
2510,수유제2동,김포본동,127.0198777,37.6447027,126.7057,37.6275987,수유제2동김포본동,수유제2동에서 김포본동,55,43
2511,장안2동,한강로동,127.0706,37.578483,126.9692332,37.5281071,장안2동한강로동,장안2동에서 한강로동,21,17
2515,제기동,회현동,127.0378551,37.5831612,126.9793216,37.5572864,제기동회현동,제기동에서 회현동,23,7.2
2518,방화제1동,신당3동,126.817026,37.5703659,127.0090022,37.552479,방화제1동신당3동,방화제1동에서 신당3동,29,28
2575,장안2동,신내2동,127.0706,37.578483,127.0942306,37.6061896,장안2동신내2동,장안2동에서 신내2동,13,4.6
2634,신당4동,과천동,127.014687,37.557083,126.9954261,37.4484318,신당4동과천동,신당4동에서 과천동,34,17
2655,답십리3동,춘궁동,127.0512678,37.5717963,127.19415,37.522175,답십리3동춘궁동,답십리3동에서 춘궁동,35,22
2671,공덕동,장기본동,126.960025,37.550192,126.6716999,37.6523061,공덕동장기본동,공덕동에서 장기본동,49,32
2674,신정2동,상도1동,126.870679,37.5192314,126.953089,37.4981,신정2동상도1동,신정2동에서 상도1동,26,11
2684,동선동,장안1동,127.0203666,37.5939824,127.066375,37.567842,동선동장안1동,동선동에서 장안1동,21,8.3
2726,명륜3가,진관동,126.9931,37.5875,126.9210512,37.634983,명륜3가진관동,명륜3가에서 진관동,32,13
2728,성현동,신당4동,126.9481271,37.4895366,127.014687,37.557083,성현동신당4동,성현동에서 신당4동,29,12
2740,월계3동,신당6동,127.0692485,37.6210475,127.0194239,37.5600562,월계3동신당6동,월계3동에서 신당6동,24,11
2749,신당2동,응봉동,127.0082322,37.5542861,127.0334357,37.5531636,신당2동응봉동,신당2동에서 응봉동,16,3.2
2772,면목3.8동,중곡제2동,127.0880603,37.5829681,127.081487,37.560308,면목3.8동중곡제2동,면목3.8동에서 중곡제2동,11,4.3
2808,일원1동,장기본동,127.0879629,37.491839,126.6716999,37.6523061,일원1동장기본동,일원1동에서 장기본동,64,51
2837,신당6동,이화동,127.0194239,37.5600562,127.004338,37.577008,신당6동이화동,신당6동에서 이화동,13,2.9
2838,삼각산동,제기동,127.0207209,37.6151568,127.0378551,37.5831612,삼각산동제기동,삼각산동에서 제기동,16,5.8
2879,이문3동,면목제5동,127.065075,37.6033571,127.079511,37.5857842,이문3동면목제5동,이문3동에서 면목제5동,10,4.5
2890,답십리3동,구의제2동,127.0512678,37.5717963,127.0899111,37.5472481,답십리3동구의제2동,답십리3동에서 구의제2동,15,5.3
2892,답십리3동,양재2동,127.0512678,37.5717963,127.041188,37.470601,답십리3동양재2동,답십리3동에서 양재2동,31,21
2893,답십리3동,신설동,127.0512678,37.5717963,127.0255251,37.5749343,답십리3동신설동,답십리3동에서 신설동,8,2.8
2904,답십리4동,장지동,127.06125,37.567417,127.1354,37.4785,답십리4동장지동,답십리4동에서 장지동,29,21
2911,면목제5동,이문3동,127.079511,37.5857842,127.065075,37.6033571,면목제5동이문3동,면목제5동에서 이문3동,8,3.9
2915,인수동,장안1동,127.0106307,37.6415105,127.066375,37.567842,인수동장안1동,인수동에서 장안1동,33,17
2923,행당제2동,제기동,127.02935,37.558208,127.0378551,37.5831612,행당제2동제기동,행당제2동에서 제기동,13,3.7
2925,신당4동,필동,127.014687,37.557083,126.9955699,37.5601529,신당4동필동,신당4동에서 필동,10,3.2
2929,면목본동,전농3동,127.0874227,37.5873592,127.0600375,37.5781027,면목본동전농3동,면목본동에서 전농3동,9,3.2
2953,우이동,장기본동,127.0118533,37.6479523,126.6716999,37.6523061,우이동장기본동,우이동에서 장기본동,59,46
2982,시흥제2동,상도1동,126.9148345,37.4495487,126.953089,37.4981,시흥제2동상도1동,시흥제2동에서 상도1동,24,10
3008,방화제2동,장기본동,126.8067549,37.5666997,126.6716999,37.6523061,방화제2동장기본동,방화제2동에서 장기본동,23,18
3010,답십리4동,전농2동,127.06125,37.567417,127.0600375,37.5781027,답십리4동전농2동,답십리4동에서 전농2동,8,3.1
3018,신당6동,내곡동,127.0194239,37.5600562,127.0583103,37.4493583,신당6동내곡동,신당6동에서 내곡동,32,17
3034,강일동,신당4동,127.173909,37.5649783,127.014687,37.557083,강일동신당4동,강일동에서 신당4동,26,21
3132,응암제1동,신당3동,126.926813,37.6006884,127.0090022,37.552479,응암제1동신당3동,응암제1동에서 신당3동,30,12
3133,이문3동,흑석동,127.065075,37.6033571,126.966612,37.5058617,이문3동흑석동,이문3동에서 흑석동,42,24
3194,상도1동,신촌동,126.953089,37.4981,126.9418114,37.5640923,상도1동신촌동,상도1동에서 신촌동,29,12
3204,장안2동,하계1동,127.0706,37.578483,127.0725852,37.6405374,장안2동하계1동,장안2동에서 하계1동,19,8.8
3237,숭인제2동,신당1동,127.019988,37.574867,127.0145478,37.5620973,숭인제2동신당1동,숭인제2동에서 신당1동,8,1.7
3247,명륜3가,이화동,126.9931,37.5875,127.004338,37.577008,명륜3가이화동,명륜3가에서 이화동,9,2.4
3290,행당제2동,면목3.8동,127.02935,37.558208,127.0880603,37.5829681,행당제2동면목3.8동,행당제2동에서 면목3.8동,23,9
3302,상도1동,구로제5동,126.953089,37.4981,126.8892945,37.5001593,상도1동구로제5동,상도1동에서 구로제5동,22,8.2
3303,묵제1동,면목3.8동,127.0784729,37.6123734,127.0880603,37.5829681,묵제1동면목3.8동,묵제1동에서 면목3.8동,12,4.2
3325,장안1동,가락본동,127.066375,37.567842,127.1217864,37.4955568,장안1동가락본동,장안1동에서 가락본동,28,19
3527,길동,제기동,127.1426791,37.5345598,127.0378551,37.5831612,길동제기동,길동에서 제기동,29,12
3541,상도제2동,상도1동,126.942296,37.5055197,126.953089,37.4981,상도제2동상도1동,상도제2동에서 상도1동,7,1.9
3545,방학제1동,흥선동,127.0407251,37.6641763,127.0306961,37.7463446,방학제1동흥선동,방학제1동에서 흥선동,17,11
3577,중계4동,면목3.8동,127.0780091,37.6587275,127.0880603,37.5829681,중계4동면목3.8동,중계4동에서 면목3.8동,28,11
3598,이문3동,충현동,127.065075,37.6033571,126.9546863,37.5648265,이문3동충현동,이문3동에서 충현동,34,12
3601,면목3.8동,고강본동,127.0880603,37.5829681,126.8034928,37.5167184,면목3.8동고강본동,면목3.8동에서 고강본동,61,39
3623,불광제2동,신당1동,126.9257389,37.6208567,127.0145478,37.5620973,불광제2동신당1동,불광제2동에서 신당1동,39,14
3641,신월6동,답십리3동,126.8451512,37.5180328,127.0512678,37.5717963,신월6동답십리3동,신월6동에서 답십리3동,35,28
3677,거여1동,전농3동,127.1432324,37.4969643,127.0600375,37.5781027,거여1동전농3동,거여1동에서 전농3동,40,19
3713,신당3동,도곡1동,127.0090022,37.552479,127.0390246,37.488238,신당3동도곡1동,신당3동에서 도곡1동,21,8.5
3783,불광제1동,가능동,126.9320747,37.6103876,127.0384877,37.7505409,불광제1동가능동,불광제1동에서 가능동,36,21
3820,삼성1동,장안1동,127.062532,37.5144424,127.066375,37.567842,삼성1동장안1동,삼성1동에서 장안1동,26,12
3821,수궁동,신당1동,126.8314627,37.4939422,127.0145478,37.5620973,수궁동신당1동,수궁동에서 신당1동,39,29
3827,성산제1동,제기동,126.90785,37.5634083,127.0378551,37.5831612,성산제1동제기동,성산제1동에서 제기동,31,16
3840,답십리3동,상계8동,127.0512678,37.5717963,127.0515874,37.6667854,답십리3동상계8동,답십리3동에서 상계8동,28,14
3972,홍제제1동,신당3동,126.9448779,37.5876988,127.0090022,37.552479,홍제제1동신당3동,홍제제1동에서 신당3동,24,9.8
3988,종로1.2.3.4가동,명륜3가,126.9902618,37.574461,126.9931,37.5875,종로1.2.3.4가동명륜3가,종로1.2.3.4가동에서 명륜3가,7,3.1
4023,신내2동,신당3동,127.0942306,37.6061896,127.0090022,37.552479,신내2동신당3동,신내2동에서 신당3동,33,20
4031,상도1동,중앙동,126.953089,37.4981,126.9497133,37.4842598,상도1동중앙동,상도1동에서 중앙동,10,2.9
4041,명륜3가,종로1.2.3.4가동,126.9931,37.5875,126.9902618,37.574461,명륜3가종로1.2.3.4가동,명륜3가에서 종로1.2.3.4가동,9,3.3
4046,양평제1동,장안2동,126.888238,37.52365,127.0706,37.578483,양평제1동장안2동,양평제1동에서 장안2동,39,24
4105,이문3동,영종동,127.065075,37.6033571,126.5315335,37.4942488,이문3동영종동,이문3동에서 영종동,61,61
4106,신당1동,남영동,127.0145478,37.5620973,126.9748403,37.5457586,신당1동남영동,신당1동에서 남영동,19,6.4
4112,답십리3동,하안2동,127.0512678,37.5717963,126.8747335,37.4647164,답십리3동하안2동,답십리3동에서 하안2동,51,33
4126,상도1동,우장산동,126.953089,37.4981,126.8418849,37.5482468,상도1동우장산동,상도1동에서 우장산동,35,17
4147,중계2.3동,면목3.8동,127.0687126,37.6421829,127.0880603,37.5829681,중계2.3동면목3.8동,중계2.3동에서 면목3.8동,25,8.3
4151,전농2동,이문3동,127.0600375,37.5781027,127.065075,37.6033571,전농2동이문3동,전농2동에서 이문3동,11,3.7
4153,가양제2동,김포본동,126.8512826,37.5673763,126.7057,37.6275987,가양제2동김포본동,가양제2동에서 김포본동,29,19
4164,독산제3동,면목3.8동,126.9032524,37.4751198,127.0880603,37.5829681,독산제3동면목3.8동,독산제3동에서 면목3.8동,48,26
4174,명륜3가,녹번동,126.9931,37.5875,126.9298245,37.6021944,명륜3가녹번동,명륜3가에서 녹번동,24,9.5
4184,신당1동,상도제3동,127.0145478,37.5620973,126.9313793,37.4991123,신당1동상도제3동,신당1동에서 상도제3동,35,14
4193,번제3동,답십리3동,127.04665,37.625874,127.0512678,37.5717963,번제3동답십리3동,번제3동에서 답십리3동,21,13
4222,도봉제2동,가능동,127.046575,37.669751,127.0384877,37.7505409,도봉제2동가능동,도봉제2동에서 가능동,16,11
4228,신당3동,신촌동,127.0090022,37.552479,126.9418114,37.5640923,신당3동신촌동,신당3동에서 신촌동,25,9.3
4257,신당4동,우이동,127.014687,37.557083,127.0118533,37.6479523,신당4동우이동,신당4동에서 우이동,44,12
4267,신사제1동,신당3동,126.9117735,37.5978445,127.0090022,37.552479,신사제1동신당3동,신사제1동에서 신당3동,35,22
4296,암사제3동,답십리3동,127.1408249,37.5549912,127.0512678,37.5717963,암사제3동답십리3동,암사제3동에서 답십리3동,22,11
4361,신당2동,삼성동,127.0082322,37.5542861,127.062532,37.5144424,신당2동삼성동,신당2동에서 삼성동,22,8.6
4402,답십리3동,사근동,127.0512678,37.5717963,127.0453315,37.5614846,답십리3동사근동,답십리3동에서 사근동,10,2.3
4417,면목3.8동,회기동,127.0880603,37.5829681,127.0553132,37.5908083,면목3.8동회기동,면목3.8동에서 회기동,13,5.5
4457,신당4동,명동,127.014687,37.557083,126.98585,37.560042,신당4동명동,신당4동에서 명동,12,4.2
4475,장안2동,상일동,127.0706,37.578483,127.1683007,37.550583,장안2동상일동,장안2동에서 상일동,20,13
4494,월계3동,면목3.8동,127.0692485,37.6210475,127.0880603,37.5829681,월계3동면목3.8동,월계3동에서 면목3.8동,14,7.4
4504,답십리4동,청운효자동,127.06125,37.567417,126.9706519,37.5841367,답십리4동청운효자동,답십리4동에서 청운효자동,27,10
4587,상도1동,원천동,126.953089,37.4981,127.0532171,37.2734789,상도1동원천동,상도1동에서 원천동,48,40
4590,명륜3가,용두동,126.9931,37.5875,127.0372011,37.5758884,명륜3가용두동,명륜3가에서 용두동,18,6.1
4632,장안1동,안암동,127.066375,37.567842,127.0213292,37.5858498,장안1동안암동,장안1동에서 안암동,16,6.7
4642,신당1동,왕십리제2동,127.0145478,37.5620973,127.0310207,37.5617987,신당1동왕십리제2동,신당1동에서 왕십리제2동,9,2.2
4652,상도1동,번제2동,126.953089,37.4981,127.0387953,37.6323588,상도1동번제2동,상도1동에서 번제2동,47,26
4670,공릉1.3동,장안1동,127.073838,37.624874,127.066375,37.567842,공릉1.3동장안1동,공릉1.3동에서 장안1동,19,8
4701,방화제3동,상도1동,126.8135628,37.5787386,126.953089,37.4981,방화제3동상도1동,방화제3동에서 상도1동,27,19
4703,명륜3가,청파동,126.9931,37.5875,126.9674,37.5488,명륜3가청파동,명륜3가에서 청파동,20,7.2
4731,답십리3동,이화동,127.0512678,37.5717963,127.004338,37.577008,답십리3동이화동,답십리3동에서 이화동,15,5.1
4768,을지로동,신당6동,126.9913342,37.5667163,127.0194239,37.5600562,을지로동신당6동,을지로동에서 신당6동,12,3.6
4780,면목3.8동,신내1동,127.0880603,37.5829681,127.099538,37.605882,면목3.8동신내1동,면목3.8동에서 신내1동,13,3.8
4795,강일동,제기동,127.173909,37.5649783,127.0378551,37.5831612,강일동제기동,강일동에서 제기동,31,17
4797,회현동,면목3.8동,126.9793216,37.5572864,127.0880603,37.5829681,회현동면목3.8동,회현동에서 면목3.8동,37,15
4810,면목3.8동,중계4동,127.0880603,37.5829681,127.0780091,37.6587275,면목3.8동중계4동,면목3.8동에서 중계4동,25,11
4835,제기동,구의제1동,127.0378551,37.5831612,127.0856756,37.5424917,제기동구의제1동,제기동에서 구의제1동,20,7.8
4859,가산동,상도1동,126.8917326,37.4769094,126.953089,37.4981,가산동상도1동,가산동에서 상도1동,21,8.1
4868,신당3동,잠실2동,127.0090022,37.552479,127.088559,37.5119488,신당3동잠실2동,신당3동에서 잠실2동,22,12
4873,신당3동,아현동,127.0090022,37.552479,126.95215,37.547125,신당3동아현동,신당3동에서 아현동,22,8.3
4889,신당6동,상도제3동,127.0194239,37.5600562,126.9313793,37.4991123,신당6동상도제3동,신당6동에서 상도제3동,34,14
4919,상도1동,방화제1동,126.953089,37.4981,126.817026,37.5703659,상도1동방화제1동,상도1동에서 방화제1동,39,20
5007,남영동,김포본동,126.9748403,37.5457586,126.7057,37.6275987,남영동김포본동,남영동에서 김포본동,46,31
5011,신당1동,방화제1동,127.0145478,37.5620973,126.817026,37.5703659,신당1동방화제1동,신당1동에서 방화제1동,39,29
5042,상봉제1동,면목3.8동,127.0872004,37.5998799,127.0880603,37.5829681,상봉제1동면목3.8동,상봉제1동에서 면목3.8동,10,2.2
5059,서교동,면목3.8동,126.914588,37.5551015,127.0880603,37.5829681,서교동면목3.8동,서교동에서 면목3.8동,36,24
5079,답십리4동,서빙고동,127.06125,37.567417,126.994663,37.520458,답십리4동서빙고동,답십리4동에서 서빙고동,20,12
5083,천호제2동,상도1동,127.1254351,37.5435257,126.953089,37.4981,천호제2동상도1동,천호제2동에서 상도1동,37,24
5100,제기동,숭인제2동,127.0378551,37.5831612,127.019988,37.574867,제기동숭인제2동,제기동에서 숭인제2동,7,2.2
5150,등촌제3동,제기동,126.847881,37.5589789,127.0378551,37.5831612,등촌제3동제기동,등촌제3동에서 제기동,33,23
5157,석관동,상도1동,127.061413,37.612957,126.953089,37.4981,석관동상도1동,석관동에서 상도1동,31,23
5171,상도제4동,상도1동,126.941422,37.4994203,126.953089,37.4981,상도제4동상도1동,상도제4동에서 상도1동,9,2.1
5192,이화동,면목3.8동,127.004338,37.577008,127.0880603,37.5829681,이화동면목3.8동,이화동에서 면목3.8동,30,12
5194,종로5.6가동,장안1동,127.0050414,37.5720148,127.066375,37.567842,종로5.6가동장안1동,종로5.6가동에서 장안1동,22,7.3
5235,남영동,면목3.8동,126.9748403,37.5457586,127.0880603,37.5829681,남영동면목3.8동,남영동에서 면목3.8동,33,17
5271,전농3동,신촌동,127.0600375,37.5781027,126.9418114,37.5640923,전농3동신촌동,전농3동에서 신촌동,31,12
5299,면목3.8동,회현동,127.0880603,37.5829681,126.9793216,37.5572864,면목3.8동회현동,면목3.8동에서 회현동,35,12
5306,상도1동,등촌제3동,126.953089,37.4981,126.847881,37.5589789,상도1동등촌제3동,상도1동에서 등촌제3동,37,15
5308,도봉제1동,면목3.8동,127.0434369,37.6786913,127.0880603,37.5829681,도봉제1동면목3.8동,도봉제1동에서 면목3.8동,23,15
5380,신당1동,대조동,127.0145478,37.5620973,126.920813,37.614165,신당1동대조동,신당1동에서 대조동,39,20
5384,상도1동,수서동,126.953089,37.4981,127.104929,37.4889181,상도1동수서동,상도1동에서 수서동,29,20
5387,제기동,구의제2동,127.0378551,37.5831612,127.0899111,37.5472481,제기동구의제2동,제기동에서 구의제2동,19,7.2
5414,명륜3가,신촌동,126.9931,37.5875,126.9418114,37.5640923,명륜3가신촌동,명륜3가에서 신촌동,16,7.5
5428,이문3동,도곡1동,127.065075,37.6033571,127.0390246,37.488238,이문3동도곡1동,이문3동에서 도곡1동,35,22
5449,답십리3동,소공동,127.0512678,37.5717963,126.977025,37.562442,답십리3동소공동,답십리3동에서 소공동,26,8.2
5495,제기동,공릉2동,127.0378551,37.5831612,127.083488,37.621332,제기동공릉2동,제기동에서 공릉2동,28,9.4
5523,불광제2동,흥선동,126.9257389,37.6208567,127.0306961,37.7463446,불광제2동흥선동,불광제2동에서 흥선동,30,19
5535,이문3동,송산1동,127.065075,37.6033571,127.0866851,37.7311817,이문3동송산1동,이문3동에서 송산1동,30,19
5536,명륜3가,충현동,126.9931,37.5875,126.9546863,37.5648265,명륜3가충현동,명륜3가에서 충현동,19,6.4
5545,등촌제3동,제기동,126.847881,37.5589789,127.0378551,37.5831612,등촌제3동제기동,등촌제3동에서 제기동,33,23
5557,노량진제1동,제기동,126.942013,37.512308,127.0378551,37.5831612,노량진제1동제기동,노량진제1동에서 제기동,32,17
5567,혜화동,신당4동,127.0005764,37.5869186,127.014687,37.557083,혜화동신당4동,혜화동에서 신당4동,17,5
5571,상도1동,서초2동,126.953089,37.4981,127.02496,37.49208,상도1동서초2동,상도1동에서 서초2동,21,10
5609,상계8동,답십리3동,127.0515874,37.6667854,127.0512678,37.5717963,상계8동답십리3동,상계8동에서 답십리3동,23,16
5610,신당4동,성북동,127.014687,37.557083,127.0032875,37.5911237,신당4동성북동,신당4동에서 성북동,19,5.5
5614,한남동,신당1동,127.0005,37.53455,127.0145478,37.5620973,한남동신당1동,한남동에서 신당1동,12,3.9
5652,신당2동,청운효자동,127.0082322,37.5542861,126.9706519,37.5841367,신당2동청운효자동,신당2동에서 청운효자동,20,6.6
5660,신당3동,천연동,127.0090022,37.552479,126.9590332,37.5711247,신당3동천연동,신당3동에서 천연동,21,6.8
5662,면목3.8동,한강로동,127.0880603,37.5829681,126.9692332,37.5281071,면목3.8동한강로동,면목3.8동에서 한강로동,27,18
5684,신당4동,송천동,127.014687,37.557083,127.023838,37.618282,신당4동송천동,신당4동에서 송천동,29,8.5
5686,면목3.8동,대방동,127.0880603,37.5829681,126.92635,37.508133,면목3.8동대방동,면목3.8동에서 대방동,35,23
5742,구의제1동,이문3동,127.0856756,37.5424917,127.065075,37.6033571,구의제1동이문3동,구의제1동에서 이문3동,23,9.6
5778,신당3동,도봉제1동,127.0090022,37.552479,127.0434369,37.6786913,신당3동도봉제1동,신당3동에서 도봉제1동,45,23
5817,면목3.8동,영등포동,127.0880603,37.5829681,126.9106918,37.5203985,면목3.8동영등포동,면목3.8동에서 영등포동,32,23
5843,명륜3가,종로5.6가동,126.9931,37.5875,127.0050414,37.5720148,명륜3가종로5.6가동,명륜3가에서 종로5.6가동,10,3.4
5850,전농3동,자양제3동,127.0600375,37.5781027,127.072913,37.533842,전농3동자양제3동,전농3동에서 자양제3동,19,11
5867,이문3동,소공동,127.065075,37.6033571,126.977025,37.562442,이문3동소공동,이문3동에서 소공동,32,11
5868,신당6동,마장동,127.0194239,37.5600562,127.045388,37.566325,신당6동마장동,신당6동에서 마장동,13,3.9
5870,명륜3가,제기동,126.9931,37.5875,127.0378551,37.5831612,명륜3가제기동,명륜3가에서 제기동,20,6.2
5871,면목본동,이문3동,127.0874227,37.5873592,127.065075,37.6033571,면목본동이문3동,면목본동에서 이문3동,11,4.7
5876,역삼1동,상도1동,127.0333574,37.4954841,126.953089,37.4981,역삼1동상도1동,역삼1동에서 상도1동,29,9.6
5944,방배3동,김포본동,126.9999918,37.4784409,126.7057,37.6275987,방배3동김포본동,방배3동에서 김포본동,47,36
5970,장안2동,와부읍,127.0706,37.578483,127.2167005,37.5853734,장안2동와부읍,장안2동에서 와부읍,24,15
5982,장안1동,공릉1.3동,127.066375,37.567842,127.073838,37.624874,장안1동공릉1.3동,장안1동에서 공릉1.3동,21,8
6002,전농2동,신당6동,127.0600375,37.5781027,127.0194239,37.5600562,전농2동신당6동,전농2동에서 신당6동,16,4.8
6004,답십리4동,필동,127.06125,37.567417,126.9955699,37.5601529,답십리4동필동,답십리4동에서 필동,23,8.1
6043,전농3동,구의제2동,127.0600375,37.5781027,127.0899111,37.5472481,전농3동구의제2동,전농3동에서 구의제2동,17,6.5
6079,장안1동,사근동,127.066375,37.567842,127.0453315,37.5614846,장안1동사근동,장안1동에서 사근동,11,3.9
6145,화양동,장안2동,127.0713152,37.5465421,127.0706,37.578483,화양동장안2동,화양동에서 장안2동,14,5.7
6147,답십리3동,월계1동,127.0512678,37.5717963,127.0630165,37.6199197,답십리3동월계1동,답십리3동에서 월계1동,20,8.1
6151,이문3동,용두동,127.065075,37.6033571,127.0372011,37.5758884,이문3동용두동,이문3동에서 용두동,15,5.2
6223,대흥동,신당3동,126.9424619,37.5557827,127.0090022,37.552479,대흥동신당3동,대흥동에서 신당3동,22,9.3
6233,상도1동,흑석동,126.953089,37.4981,126.966612,37.5058617,상도1동흑석동,상도1동에서 흑석동,6,1.9
6253,송중동,면목3.8동,127.033738,37.616099,127.0880603,37.5829681,송중동면목3.8동,송중동에서 면목3.8동,25,12
6276,세곡동,신당3동,127.1043555,37.4643683,127.0090022,37.552479,세곡동신당3동,세곡동에서 신당3동,28,19
6281,장안1동,마장동,127.066375,37.567842,127.045388,37.566325,장안1동마장동,장안1동에서 마장동,9,3.1
6289,대조동,전농3동,126.920813,37.614165,127.0600375,37.5781027,대조동전농3동,대조동에서 전농3동,35,21
6296,서교동,상도1동,126.914588,37.5551015,126.953089,37.4981,서교동상도1동,서교동에서 상도1동,21,11
6298,번제3동,제기동,127.04665,37.625874,127.0378551,37.5831612,번제3동제기동,번제3동에서 제기동,16,5.9
6318,신내1동,답십리3동,127.099538,37.605882,127.0512678,37.5717963,신내1동답십리3동,신내1동에서 답십리3동,22,7.8
6341,이문3동,회기동,127.065075,37.6033571,127.0553132,37.5908083,이문3동회기동,이문3동에서 회기동,6,2.1
6342,답십리3동,영등포동,127.0512678,37.5717963,126.9106918,37.5203985,답십리3동영등포동,답십리3동에서 영등포동,28,19
6351,천호제3동,답십리4동,127.1332269,37.5361455,127.06125,37.567417,천호제3동답십리4동,천호제3동에서 답십리4동,20,8.2
6380,답십리4동,정릉제3동,127.06125,37.567417,127.004186,37.6089578,답십리4동정릉제3동,답십리4동에서 정릉제3동,22,13
6424,정릉제4동,신당3동,127.0069798,37.6133387,127.0090022,37.552479,정릉제4동신당3동,정릉제4동에서 신당3동,32,16
6444,삼성동,상도1동,127.062532,37.5144424,126.953089,37.4981,삼성동상도1동,삼성동에서 상도1동,29,14
6450,신내1동,제기동,127.099538,37.605882,127.0378551,37.5831612,신내1동제기동,신내1동에서 제기동,20,7.3
6493,방학제1동,답십리3동,127.0407251,37.6641763,127.0512678,37.5717963,방학제1동답십리3동,방학제1동에서 답십리3동,23,16
6501,우이동,신당6동,127.0118533,37.6479523,127.0194239,37.5600562,우이동신당6동,우이동에서 신당6동,36,12
6533,신당4동,을지로동,127.014687,37.557083,126.9913342,37.5667163,신당4동을지로동,신당4동에서 을지로동,10,3.5
6549,신당4동,서초1동,127.014687,37.557083,127.0195082,37.4901186,신당4동서초1동,신당4동에서 서초1동,24,9.5
6559,돈암제2동,면목3.8동,127.0105659,37.598039,127.0880603,37.5829681,돈암제2동면목3.8동,돈암제2동에서 면목3.8동,27,8.5
6561,월계1동,답십리3동,127.0630165,37.6199197,127.0512678,37.5717963,월계1동답십리3동,월계1동에서 답십리3동,18,10
6592,신당3동,반포4동,127.0090022,37.552479,127.0003853,37.4974314,신당3동반포4동,신당3동에서 반포4동,19,8.9
6619,답십리4동,구의제2동,127.06125,37.567417,127.0899111,37.5472481,답십리4동구의제2동,답십리4동에서 구의제2동,13,4.7
6647,대치1동,제기동,127.0567047,37.4931821,127.0378551,37.5831612,대치1동제기동,대치1동에서 제기동,32,12
6648,면목3.8동,진건읍,127.0880603,37.5829681,127.1777148,37.6546279,면목3.8동진건읍,면목3.8동에서 진건읍,32,17
6661,장안2동,구의제2동,127.0706,37.578483,127.0899111,37.5472481,장안2동구의제2동,장안2동에서 구의제2동,14,6.4
6705,방배4동,전농3동,126.9923344,37.489007,127.0600375,37.5781027,방배4동전농3동,방배4동에서 전농3동,28,15
6712,신당2동,수서동,127.0082322,37.5542861,127.104929,37.4889181,신당2동수서동,신당2동에서 수서동,26,14
6740,회현동,신당1동,126.9793216,37.5572864,127.0145478,37.5620973,회현동신당1동,회현동에서 신당1동,13,4.1
6741,신당1동,일원2동,127.0145478,37.5620973,127.0737224,37.4922048,신당1동일원2동,신당1동에서 일원2동,25,14
6744,시흥제3동,제기동,126.9057945,37.4403095,127.0378551,37.5831612,시흥제3동제기동,시흥제3동에서 제기동,49,34
6780,신당6동,전농2동,127.0194239,37.5600562,127.0600375,37.5781027,신당6동전농2동,신당6동에서 전농2동,18,5.9
6809,신당1동,하계2동,127.0145478,37.5620973,127.0679733,37.6320048,신당1동하계2동,신당1동에서 하계2동,34,14
6811,화양동,상도1동,127.0713152,37.5465421,126.953089,37.4981,화양동상도1동,화양동에서 상도1동,33,16
6830,장안1동,천호제3동,127.066375,37.567842,127.1332269,37.5361455,장안1동천호제3동,장안1동에서 천호제3동,19,8
6831,장안1동,수유제3동,127.066375,37.567842,127.023125,37.638715,장안1동수유제3동,장안1동에서 수유제3동,30,10
6848,신당3동,대치2동,127.0090022,37.552479,127.0642072,37.5022848,신당3동대치2동,신당3동에서 대치2동,24,10
6884,화곡본동,제기동,126.847725,37.544075,127.0378551,37.5831612,화곡본동제기동,화곡본동에서 제기동,37,25
6894,답십리4동,마장동,127.06125,37.567417,127.045388,37.566325,답십리4동마장동,답십리4동에서 마장동,10,2.5
6895,장안1동,용답동,127.066375,37.567842,127.0555515,37.5640618,장안1동용답동,장안1동에서 용답동,8,2.4
6910,면목3.8동,이화동,127.0880603,37.5829681,127.004338,37.577008,면목3.8동이화동,면목3.8동에서 이화동,26,8.6
6915,이문3동,삼청동,127.065075,37.6033571,126.981836,37.5850126,이문3동삼청동,이문3동에서 삼청동,27,13
6958,수색동,장기본동,126.8936659,37.5835192,126.6716999,37.6523061,수색동장기본동,수색동에서 장기본동,28,24
6980,답십리4동,성수1가제1동,127.06125,37.567417,127.04965,37.542108,답십리4동성수1가제1동,답십리4동에서 성수1가제1동,18,8.8
7021,장안2동,수유제3동,127.0706,37.578483,127.023125,37.638715,장안2동수유제3동,장안2동에서 수유제3동,26,9.4
7025,금호1가동,면목3.8동,127.0216354,37.5549008,127.0880603,37.5829681,금호1가동면목3.8동,금호1가동에서 면목3.8동,26,11
7118,답십리4동,소공동,127.06125,37.567417,126.977025,37.562442,답십리4동소공동,답십리4동에서 소공동,28,9.5
7131,신당4동,종로1.2.3.4가동,127.014687,37.557083,126.9902618,37.574461,신당4동종로1.2.3.4가동,신당4동에서 종로1.2.3.4가동,15,4.8
7140,사근동,장안1동,127.0453315,37.5614846,127.066375,37.567842,사근동장안1동,사근동에서 장안1동,12,4
7146,시흥제2동,신당1동,126.9148345,37.4495487,127.0145478,37.5620973,시흥제2동신당1동,시흥제2동에서 신당1동,52,20
7150,전농3동,회기동,127.0600375,37.5781027,127.0553132,37.5908083,전농3동회기동,전농3동에서 회기동,8,2.1
7238,장안1동,역삼1동,127.066375,37.567842,127.0333574,37.4954841,장안1동역삼1동,장안1동에서 역삼1동,26,13
7248,상봉제2동,이문3동,127.0808518,37.592892,127.065075,37.6033571,상봉제2동이문3동,상봉제2동에서 이문3동,10,4
7256,전농3동,서초3동,127.0600375,37.5781027,127.0119725,37.4836682,전농3동서초3동,전농3동에서 서초3동,29,16
7261,면목3.8동,금호1가동,127.0880603,37.5829681,127.0216354,37.5549008,면목3.8동금호1가동,면목3.8동에서 금호1가동,22,7.5
7267,신당3동,일원본동,127.0090022,37.552479,127.0864633,37.4833484,신당3동일원본동,신당3동에서 일원본동,24,15
7295,면목3.8동,화양동,127.0880603,37.5829681,127.0713152,37.5465421,면목3.8동화양동,면목3.8동에서 화양동,13,5.2
7306,신당1동,중화제2동,127.0145478,37.5620973,127.0795427,37.5993838,신당1동중화제2동,신당1동에서 중화제2동,33,15
7339,답십리4동,행당제1동,127.06125,37.567417,127.036188,37.558567,답십리4동행당제1동,답십리4동에서 행당제1동,13,4.3
7348,면목3.8동,망우본동,127.0880603,37.5829681,127.1014684,37.6005732,면목3.8동망우본동,면목3.8동에서 망우본동,10,3.2
7349,장안2동,행당제1동,127.0706,37.578483,127.036188,37.558567,장안2동행당제1동,장안2동에서 행당제1동,14,10
7361,회현동,제기동,126.9793216,37.5572864,127.0378551,37.5831612,회현동제기동,회현동에서 제기동,25,7.6
7386,상도1동,상도제2동,126.953089,37.4981,126.942296,37.5055197,상도1동상도제2동,상도1동에서 상도제2동,6,1.4
7411,전농3동,일원2동,127.0600375,37.5781027,127.0737224,37.4922048,전농3동일원2동,전농3동에서 일원2동,24,16
7425,제기동,일원1동,127.0378551,37.5831612,127.0879629,37.491839,제기동일원1동,제기동에서 일원1동,24,17
7442,하계1동,전농3동,127.0725852,37.6405374,127.0600375,37.5781027,하계1동전농3동,하계1동에서 전농3동,20,10
7463,신당2동,신내1동,127.0082322,37.5542861,127.099538,37.605882,신당2동신내1동,신당2동에서 신내1동,37,15
7490,신사제2동,김포본동,126.9084195,37.5902796,126.7057,37.6275987,신사제2동김포본동,신사제2동에서 김포본동,32,23
7502,답십리3동,제기동,127.0512678,37.5717963,127.0378551,37.5831612,답십리3동제기동,답십리3동에서 제기동,8,2.7
7503,번제3동,상도1동,127.04665,37.625874,126.953089,37.4981,번제3동상도1동,번제3동에서 상도1동,38,26
7510,금호4가동,신당3동,127.02241,37.5471987,127.0090022,37.552479,금호4가동신당3동,금호4가동에서 신당3동,10,3.7
7512,이문3동,미아동,127.065075,37.6033571,127.0269791,37.6270736,이문3동미아동,이문3동에서 미아동,20,6.9
7520,장안1동,왕십리제2동,127.066375,37.567842,127.0310207,37.5617987,장안1동왕십리제2동,장안1동에서 왕십리제2동,14,5.2
7559,답십리3동,신정4동,127.0512678,37.5717963,126.8558042,37.5245455,답십리3동신정4동,답십리3동에서 신정4동,40,28
7583,이문3동,종로1.2.3.4가동,127.065075,37.6033571,126.9902618,37.574461,이문3동종로1.2.3.4가동,이문3동에서 종로1.2.3.4가동27,27,9.4
7597,상도1동,대방동,126.953089,37.4981,126.92635,37.508133,상도1동대방동,상도1동에서 대방동,10,3.5
7608,신당2동,창제4동,127.0082322,37.5542861,127.0515994,37.6522276,신당2동창제4동,신당2동에서 창제4동,43,20
7639,월계1동,면목3.8동,127.0630165,37.6199197,127.0880603,37.5829681,월계1동면목3.8동,월계1동에서 면목3.8동,17,7.4
7653,종암동,장안2동,127.0351572,37.5990075,127.0706,37.578483,종암동장안2동,종암동에서 장안2동,16,5.3
7669,성산제2동,답십리3동,126.9090061,37.568618,127.0512678,37.5717963,성산제2동답십리3동,성산제2동에서 답십리3동,30,20
7709,월계3동,제기동,127.0692485,37.6210475,127.0378551,37.5831612,월계3동제기동,월계3동에서 제기동,15,6.6
7752,신당1동,수서동,127.0145478,37.5620973,127.104929,37.4889181,신당1동수서동,신당1동에서 수서동,25,15
7772,답십리3동,문정2동,127.0512678,37.5717963,127.1108107,37.489823,답십리3동문정2동,답십리3동에서 문정2동,24,16
7777,답십리4동,공항동,127.06125,37.567417,126.8101437,37.5588296,답십리4동공항동,답십리4동에서 공항동,43,35
7797,흑석동,상도1동,126.966612,37.5058617,126.953089,37.4981,흑석동상도1동,흑석동에서 상도1동,10,2.5
7828,천호제2동,신당6동,127.1254351,37.5435257,127.0194239,37.5600562,천호제2동신당6동,천호제2동에서 신당6동,26,18
7853,낙성대동,장기본동,126.9583884,37.4762971,126.6716999,37.6523061,낙성대동장기본동,낙성대동에서 장기본동,49,39
7860,수서동,전농3동,127.104929,37.4889181,127.0600375,37.5781027,수서동전농3동,수서동에서 전농3동,25,17
7901,장기본동,낙성대동,126.6716999,37.6523061,126.9583884,37.4762971,장기본동낙성대동,장기본동에서 낙성대동,44,36
7913,중화제2동,신당4동,127.0795427,37.5993838,127.014687,37.557083,중화제2동신당4동,중화제2동에서 신당4동,25,15
7919,번제2동,제기동,127.0387953,37.6323588,127.0378551,37.5831612,번제2동제기동,번제2동에서 제기동,17,6.8
7922,강일동,상도1동,127.173909,37.5649783,126.953089,37.4981,강일동상도1동,강일동에서 상도1동,40,28
7936,논현1동,상도1동,127.028461,37.5115706,126.953089,37.4981,논현1동상도1동,논현1동에서 상도1동,30,10
8001,신당3동,안암동,127.0090022,37.552479,127.0213292,37.5858498,신당3동안암동,신당3동에서 안암동,15,4.7
8006,제기동,신당3동,127.0378551,37.5831612,127.0090022,37.552479,제기동신당3동,제기동에서 신당3동,21,7.2
8048,신당1동,노량진제1동,127.0145478,37.5620973,126.942013,37.512308,신당1동노량진제1동,신당1동에서 노량진제1동,25,13
8059,신당2동,영종동,127.0082322,37.5542861,126.5315335,37.4942488,신당2동영종동,신당2동에서 영종동,56,59
8098,신당3동,세곡동,127.0090022,37.552479,127.1043555,37.4643683,신당3동세곡동,신당3동에서 세곡동,26,19
8248,답십리4동,서초1동,127.06125,37.567417,127.0195082,37.4901186,답십리4동서초1동,답십리4동에서 서초1동,29,17
8278,면목3.8동,공항동,127.0880603,37.5829681,126.8101437,37.5588296,면목3.8동공항동,면목3.8동에서 공항동,49,42
8283,신원동,면목3.8동,126.9273519,37.4815883,127.0880603,37.5829681,신원동면목3.8동,신원동에서 면목3.8동,44,25
8292,신당3동,양재2동,127.0090022,37.552479,127.041188,37.470601,신당3동양재2동,신당3동에서 양재2동,23,13
8313,명동,전농3동,126.98585,37.560042,127.0600375,37.5781027,명동전농3동,명동에서 전농3동,27,8.3
8328,장안1동,상봉제1동,127.066375,37.567842,127.0872004,37.5998799,장안1동상봉제1동,장안1동에서 상봉제1동,15,5.1
8372,전농3동,개포1동,127.0600375,37.5781027,127.055737,37.4827409,전농3동개포1동,전농3동에서 개포1동,29,18
8386,행운동,면목3.8동,126.9570456,37.4806541,127.0880603,37.5829681,행운동면목3.8동,행운동에서 면목3.8동,38,22
8394,개포1동,전농3동,127.055737,37.4827409,127.0600375,37.5781027,개포1동전농3동,개포1동에서 전농3동,33,14
8399,증산동,장기본동,126.9070404,37.5843063,126.6716999,37.6523061,증산동장기본동,증산동에서 장기본동,33,27
8402,면목3.8동,월계3동,127.0880603,37.5829681,127.0692485,37.6210475,면목3.8동월계3동,면목3.8동에서 월계3동,15,6.2
8404,번제1동,가능동,127.0288473,37.6378913,127.0384877,37.7505409,번제1동가능동,번제1동에서 가능동,29,15
8448,신당4동,여의동,127.014687,37.557083,126.934584,37.5177232,신당4동여의동,신당4동에서 여의동,27,14
8456,면목3.8동,능동,127.0880603,37.5829681,127.0804994,37.5537803,면목3.8동능동,면목3.8동에서 능동,12,4.1
8458,여의동,신당4동,126.934584,37.5177232,127.014687,37.557083,여의동신당4동,여의동에서 신당4동,24,13
8481,마장동,장안1동,127.045388,37.566325,127.066375,37.567842,마장동장안1동,마장동에서 장안1동,10,3
8512,면목3.8동,일원본동,127.0880603,37.5829681,127.0864633,37.4833484,면목3.8동일원본동,면목3.8동에서 일원본동,28,21
8513,신당3동,길음제1동,127.0090022,37.552479,127.0193925,37.6104856,신당3동길음제1동,신당3동에서 길음제1동,29,8.4
8528,혜화동,장안1동,127.0005764,37.5869186,127.066375,37.567842,혜화동장안1동,혜화동에서 장안1동,26,8.8
8576,답십리제1동,장안1동,127.0512678,37.5717963,127.066375,37.567842,답십리제1동장안1동,답십리제1동에서 장안1동,8,2.3
8581,장안2동,공릉2동,127.0706,37.578483,127.083488,37.621332,장안2동공릉2동,장안2동에서 공릉2동,18,7
8597,답십리4동,공릉2동,127.06125,37.567417,127.083488,37.621332,답십리4동공릉2동,답십리4동에서 공릉2동,27,11
8622,상도1동,천호제2동,126.953089,37.4981,127.1254351,37.5435257,상도1동천호제2동,상도1동에서 천호제2동,27,21
8629,신정7동,답십리3동,126.8597007,37.514393,127.0512678,37.5717963,신정7동답십리3동,신정7동에서 답십리3동,37,25
8630,면목3.8동,인수동,127.0880603,37.5829681,127.0106307,37.6415105,면목3.8동인수동,면목3.8동에서 인수동,36,15
8643,면목제4동,답십리3동,127.0855775,37.5746736,127.0512678,37.5717963,면목제4동답십리3동,면목제4동에서 답십리3동,13,5.2
8739,번제3동,장안1동,127.04665,37.625874,127.066375,37.567842,번제3동장안1동,번제3동에서 장안1동,20,10
8829,장안1동,월곡제2동,127.066375,37.567842,127.0478758,37.6057667,장안1동월곡제2동,장안1동에서 월곡제2동,19,7.6
8847,독산제3동,제기동,126.9032524,37.4751198,127.0378551,37.5831612,독산제3동제기동,독산제3동에서 제기동,46,31
8856,종로1.2.3.4가동,제기동,126.9902618,37.574461,127.0378551,37.5831612,종로1.2.3.4가동제기동,종로1.2.3.4가동에서 제기동,18,5.9
8879,제기동,이화동,127.0378551,37.5831612,127.004338,37.577008,제기동이화동,제기동에서 이화동,12,3.9
8886,신내2동,면목3.8동,127.0942306,37.6061896,127.0880603,37.5829681,신내2동면목3.8동,신내2동에서 면목3.8동,16,3.7
8914,신촌동,면목3.8동,126.9418114,37.5640923,127.0880603,37.5829681,신촌동면목3.8동,신촌동에서 면목3.8동,37,26
8928,거여1동,신당2동,127.1432324,37.4969643,127.0082322,37.5542861,거여1동신당2동,거여1동에서 신당2동,30,19
8939,역촌동,제기동,126.915114,37.6044046,127.0378551,37.5831612,역촌동제기동,역촌동에서 제기동,29,15
8943,이문3동,제기동,127.065075,37.6033571,127.0378551,37.5831612,이문3동제기동,이문3동에서 제기동,10,3.9
8946,망원제1동,제기동,126.9055969,37.5556222,127.0378551,37.5831612,망원제1동제기동,망원제1동에서 제기동,27,20
8950,명륜3가,구산동,126.9931,37.5875,126.9103893,37.6117455,명륜3가구산동,명륜3가에서 구산동,29,12
8959,답십리4동,회현동,127.06125,37.567417,126.9793216,37.5572864,답십리4동회현동,답십리4동에서 회현동,27,9.3
8979,길동,상도1동,127.1426791,37.5345598,126.953089,37.4981,길동상도1동,길동에서 상도1동,33,22
9000,상도1동,조안면,126.953089,37.4981,127.30345,37.5359,상도1동조안면,상도1동에서 조안면,43,42
9008,신당3동,가산동,127.0090022,37.552479,126.8917326,37.4769094,신당3동가산동,신당3동에서 가산동,39,20
9025,중계2.3동,김포본동,127.0687126,37.6421829,126.7057,37.6275987,중계2.3동김포본동,중계2.3동에서 김포본동,58,47
9068,장안1동,면목3.8동,127.066375,37.567842,127.0880603,37.5829681,장안1동면목3.8동,장안1동에서 면목3.8동,10,3.3
9073,상도1동,철산1동,126.953089,37.4981,126.8678956,37.4908162,상도1동철산1동,상도1동에서 철산1동,29,12
9088,이문3동,면목3.8동,127.065075,37.6033571,127.0880603,37.5829681,이문3동면목3.8동,이문3동에서 면목3.8동,15,5.7
9090,제기동,전농2동,127.0378551,37.5831612,127.0600375,37.5781027,제기동전농2동,제기동에서 전농2동,8,2
9117,제기동,전농2동,127.0378551,37.5831612,127.0600375,37.5781027,제기동전농2동,제기동에서 전농2동,8,2
9120,면목제4동,제기동,127.0855775,37.5746736,127.0378551,37.5831612,면목제4동제기동,면목제4동에서 제기동,17,7
9129,한남동,장기본동,127.0005,37.53455,126.6716999,37.6523061,한남동장기본동,한남동에서 장기본동,46,38
9145,상도1동,대림제3동,126.953089,37.4981,126.8980312,37.4983347,상도1동대림제3동,상도1동에서 대림제3동,19,6.1
9208,회현동,답십리4동,126.9793216,37.5572864,127.06125,37.567417,회현동답십리4동,회현동에서 답십리4동,30,9.1
9219,등촌제3동,면목3.8동,126.847881,37.5589789,127.0880603,37.5829681,등촌제3동면목3.8동,등촌제3동에서 면목3.8동,39,30
9252,화곡제8동,장기본동,126.848335,37.5326541,126.6716999,37.6523061,화곡제8동장기본동,화곡제8동에서 장기본동,35,25
9279,도림동,장안1동,126.89595,37.509475,127.066375,37.567842,도림동장안1동,도림동에서 장안1동,37,23
9283,신당4동,안양2동,127.014687,37.557083,126.9177569,37.4050805,신당4동안양2동,신당4동에서 안양2동,50,29
9307,상도1동,서림동,126.953089,37.4981,126.9349995,37.4749956,상도1동서림동,상도1동에서 서림동,14,4.7
9310,상도1동,인수동,126.953089,37.4981,127.0106307,37.6415105,상도1동인수동,상도1동에서 인수동,49,30
9322,신당1동,신정2동,127.0145478,37.5620973,126.870679,37.5192314,신당1동신정2동,신당1동에서 신정2동,35,24
9333,장충동,제기동,127.0078812,37.5618946,127.0378551,37.5831612,장충동제기동,장충동에서 제기동,17,5
9335,화곡제1동,상도1동,126.841562,37.530408,126.953089,37.4981,화곡제1동상도1동,화곡제1동에서 상도1동,24,16
9344,행당제1동,답십리3동,127.036188,37.558567,127.0512678,37.5717963,행당제1동답십리3동,행당제1동에서 답십리3동,10,2.6
9345,응암제1동,장안1동,126.926813,37.6006884,127.066375,37.567842,응암제1동장안1동,응암제1동에서 장안1동,33,23
9353,하계1동,가능동,127.0725852,37.6405374,127.0384877,37.7505409,하계1동가능동,하계1동에서 가능동,29,17
9370,공항동,상도1동,126.8101437,37.5588296,126.953089,37.4981,공항동상도1동,공항동에서 상도1동,30,24
9404,용산2가동,제기동,126.9855777,37.5461327,127.0378551,37.5831612,용산2가동제기동,용산2가동에서 제기동,23,8
9408,등촌제3동,김포본동,126.847881,37.5589789,126.7057,37.6275987,등촌제3동김포본동,등촌제3동에서 김포본동,28,19
9419,도봉제1동,상도1동,127.0434369,37.6786913,126.953089,37.4981,도봉제1동상도1동,도봉제1동에서 상도1동,39,31
9434,행당제1동,장안1동,127.036188,37.558567,127.066375,37.567842,행당제1동장안1동,행당제1동에서 장안1동,16,5.6
9436,신당3동,도림동,127.0090022,37.552479,126.89595,37.509475,신당3동도림동,신당3동에서 도림동,31,19
9446,신당4동,소공동,127.014687,37.557083,126.977025,37.562442,신당4동소공동,신당4동에서 소공동,14,4.8
9474,장안2동,종암동,127.0706,37.578483,127.0351572,37.5990075,장안2동종암동,장안2동에서 종암동,15,5.7
9489,이문제1동,답십리3동,127.06545,37.597849,127.0512678,37.5717963,이문제1동답십리3동,이문제1동에서 답십리3동,12,4.8
9507,연희동,제기동,126.9351754,37.5739083,127.0378551,37.5831612,연희동제기동,연희동에서 제기동,26,18
9523,제기동,안암동,127.0378551,37.5831612,127.0213292,37.5858498,제기동안암동,제기동에서 안암동,8,2.1
9538,한강로동,답십리4동,126.9692332,37.5281071,127.06125,37.567417,한강로동답십리4동,한강로동에서 답십리4동,28,17
9554,홍제제3동,장기본동,126.9496737,37.5938295,126.6716999,37.6523061,홍제제3동장기본동,홍제제3동에서 장기본동,36,31
9580,방화제2동,삼송동,126.8067549,37.5666997,126.8937039,37.6525828,방화제2동삼송동,방화제2동에서 삼송동,26,18
9583,장안1동,제기동,127.066375,37.567842,127.0378551,37.5831612,장안1동제기동,장안1동에서 제기동,12,4.7
9615,제기동,장안1동,127.0378551,37.5831612,127.066375,37.567842,제기동장안1동,제기동에서 장안1동,14,4.9
9619,상계6.7동,신당1동,127.0669541,37.654882,127.0145478,37.5620973,상계6.7동신당1동,상계6.7동에서 신당1동,32,16
9637,상도1동,대학동,126.953089,37.4981,126.9369907,37.4706145,상도1동대학동,상도1동에서 대학동,14,5.7
9640,상도1동,장안1동,126.953089,37.4981,127.066375,37.567842,상도1동장안1동,상도1동에서 장안1동,27,19
9685,종암동,제기동,127.0351572,37.5990075,127.0378551,37.5831612,종암동제기동,종암동에서 제기동,7,2.4
9694,회현동,김포본동,126.9793216,37.5572864,126.7057,37.6275987,회현동김포본동,회현동에서 김포본동,48,33
9696,신당3동,신사동,127.0090022,37.552479,127.0227814,37.5240101,신당3동신사동,신당3동에서 신사동,10,5.7
9700,묵제1동,신당4동,127.0784729,37.6123734,127.014687,37.557083,묵제1동신당4동,묵제1동에서 신당4동,28,17
9764,장안2동,방학제1동,127.0706,37.578483,127.0407251,37.6641763,장안2동방학제1동,장안2동에서 방학제1동,23,12
9783,이문3동,고덕제1동,127.065075,37.6033571,127.1515382,37.5572593,이문3동고덕제1동,이문3동에서 고덕제1동,23,12
9786,답십리4동,여의동,127.06125,37.567417,126.934584,37.5177232,답십리4동여의동,답십리4동에서 여의동,26,19
9790,연희동,신당6동,126.9351754,37.5739083,127.0194239,37.5600562,연희동신당6동,연희동에서 신당6동,30,12
9795,제기동,상계1동,127.0378551,37.5831612,127.0549781,37.6799006,제기동상계1동,제기동에서 상계1동,32,17
9823,상도1동,구의제2동,126.953089,37.4981,127.0899111,37.5472481,상도1동구의제2동,상도1동에서 구의제2동,28,19
9853,휘경제1동,답십리4동,127.065725,37.592932,127.06125,37.567417,휘경제1동답십리4동,휘경제1동에서 답십리4동,9,3.3
9871,답십리3동,풍산동,127.0512678,37.5717963,126.7999452,37.6641075,답십리3동풍산동,답십리3동에서 풍산동,47,39
9875,목2동,의정부1동,126.8717128,37.5461131,127.0475771,37.7464356,목2동의정부1동,목2동에서 의정부1동,53,40
9880,상봉제2동,전농3동,127.0808518,37.592892,127.0600375,37.5781027,상봉제2동전농3동,상봉제2동에서 전농3동,8,3.2
9900,여의동,상도1동,126.934584,37.5177232,126.953089,37.4981,여의동상도1동,여의동에서 상도1동,15,6.7
9959,중계본동,신당1동,127.080338,37.64784,127.0145478,37.5620973,중계본동신당1동,중계본동에서 신당1동,32,16
9985,조원동,장기본동,126.9078649,37.4826299,126.6716999,37.6523061,조원동장기본동,조원동에서 장기본동,48,35
10014,상도1동,상계10동,126.953089,37.4981,127.060225,37.661274,상도1동상계10동,상도1동에서 상계10동,41,29
10020,신당3동,회현동,127.0090022,37.552479,126.9793216,37.5572864,신당3동회현동,신당3동에서 회현동,12,4.2
10051,신당3동,오금동,127.0090022,37.552479,126.9138,37.6674,신당3동오금동,신당3동에서 오금동,54,20
10064,상일동,신당1동,127.1683007,37.550583,127.0145478,37.5620973,상일동신당1동,상일동에서 신당1동,32,22
10115,개봉제3동,전농3동,126.853838,37.485993,127.0600375,37.5781027,개봉제3동전농3동,개봉제3동에서 전농3동,50,35
10127,답십리4동,신정3동,127.06125,37.567417,126.8547892,37.5151685,답십리4동신정3동,답십리4동에서 신정3동,45,31
10128,신당3동,전농3동,127.0090022,37.552479,127.0600375,37.5781027,신당3동전농3동,신당3동에서 전농3동,24,7.7
10137,청파동,전농3동,126.9674,37.5488,127.0600375,37.5781027,청파동전농3동,청파동에서 전농3동,34,16
10145,노량진제1동,전농3동,126.942013,37.512308,127.0600375,37.5781027,노량진제1동전농3동,노량진제1동에서 전농3동,29,17
10148,여의동,전농3동,126.934584,37.5177232,127.0600375,37.5781027,여의동전농3동,여의동에서 전농3동,28,18
10192,신당3동,중계4동,127.0090022,37.552479,127.0780091,37.6587275,신당3동중계4동,신당3동에서 중계4동,42,21
10205,명륜3가,신설동,126.9931,37.5875,127.0255251,37.5749343,명륜3가신설동,명륜3가에서 신설동,15,4.6
10213,장안2동,이화동,127.0706,37.578483,127.004338,37.577008,장안2동이화동,장안2동에서 이화동,22,9.7
10214,제기동,야탑2동,127.0378551,37.5831612,127.1273614,37.4094172,제기동야탑2동,제기동에서 야탑2동,37,28
10226,상도1동,화정1동,126.953089,37.4981,126.8335106,37.6446876,상도1동화정1동,상도1동에서 화정1동,36,28
10235,전농3동,여의동,127.0600375,37.5781027,126.934584,37.5177232,전농3동여의동,전농3동에서 여의동,27,18
10237,장안1동,전농3동,127.066375,37.567842,127.0600375,37.5781027,장안1동전농3동,장안1동에서 전농3동,8,2.2
10250,신당3동,행당제1동,127.0090022,37.552479,127.036188,37.558567,신당3동행당제1동,신당3동에서 행당제1동,11,3.8
10292,답십리제1동,신당2동,127.0512678,37.5717963,127.0082322,37.5542861,답십리제1동신당2동,답십리제1동에서 신당2동,20,6.6
10300,면목3.8동,구의제3동,127.0880603,37.5829681,127.0920204,37.5380706,면목3.8동구의제3동,면목3.8동에서 구의제3동,12,9.7
10307,성수2가제1동,신당2동,127.0540659,37.5395907,127.0082322,37.5542861,성수2가제1동신당2동,성수2가제1동에서 신당2동,16,5.4
10359,답십리4동,신내1동,127.06125,37.567417,127.099538,37.605882,답십리4동신내1동,답십리4동에서 신내1동,20,7
10389,답십리4동,잠실2동,127.06125,37.567417,127.088559,37.5119488,답십리4동잠실2동,답십리4동에서 잠실2동,21,15
10413,장안제2동,면목3.8동,127.0706,37.578483,127.0880603,37.5829681,장안제2동면목3.8동,장안제2동에서 면목3.8동,7,2
10483,답십리4동,상계6.7동,127.06125,37.567417,127.0669541,37.654882,답십리4동상계6.7동,답십리4동에서 상계6.7동,30,15
10508,신정2동,전농3동,126.870679,37.5192314,127.0600375,37.5781027,신정2동전농3동,신정2동에서 전농3동,40,24
10525,장안2동,대치4동,127.0706,37.578483,127.0579127,37.4997415,장안2동대치4동,장안2동에서 대치4동,23,16
10571,압구정동,삼송동,127.030713,37.530642,126.8937039,37.6525828,압구정동삼송동,압구정동에서 삼송동,47,34
10575,상도1동,일원1동,126.953089,37.4981,127.0879629,37.491839,상도1동일원1동,상도1동에서 일원1동,25,19
10583,면목3.8동,잠실2동,127.0880603,37.5829681,127.088559,37.5119488,면목3.8동잠실2동,면목3.8동에서 잠실2동,16,13
10596,상암동,면목3.8동,126.8946875,37.578325,127.0880603,37.5829681,상암동면목3.8동,상암동에서 면목3.8동,37,28
10624,신당4동,상계6.7동,127.014687,37.557083,127.0669541,37.654882,신당4동상계6.7동,신당4동에서 상계6.7동,42,21
10625,중화제2동,신당6동,127.0795427,37.5993838,127.0194239,37.5600562,중화제2동신당6동,중화제2동에서 신당6동,24,15
10627,홍제제1동,신당4동,126.9448779,37.5876988,127.014687,37.557083,홍제제1동신당4동,홍제제1동에서 신당4동,26,9.3
10633,보광동,신당3동,127.0001818,37.5263257,127.0090022,37.552479,보광동신당3동,보광동에서 신당3동,10,4.1
10650,번제3동,삼송동,127.04665,37.625874,126.8937039,37.6525828,번제3동삼송동,번제3동에서 삼송동,42,22
10652,신당6동,수유제3동,127.0194239,37.5600562,127.023125,37.638715,신당6동수유제3동,신당6동에서 수유제3동,38,10
10656,중화제1동,신당1동,127.080623,37.6011745,127.0145478,37.5620973,중화제1동신당1동,중화제1동에서 신당1동,26,8.6
10812,답십리3동,왕십리도선동,127.0512678,37.5717963,127.0255501,37.5678257,답십리3동왕십리도선동,답십리3동에서 왕십리도선동,10,2.9
10842,제기동,광희동,127.0378551,37.5831612,127.0050623,37.564494,제기동광희동,제기동에서 광희동,16,5.1
10881,일원1동,명륜3가,127.0879629,37.491839,126.9931,37.5875,일원1동명륜3가,일원1동에서 명륜3가,40,20
10905,장안1동,별내면,127.066375,37.567842,127.1247248,37.7025595,장안1동별내면,장안1동에서 별내면,38,20
10936,화곡제6동,장기본동,126.8501301,37.5518173,126.6716999,37.6523061,화곡제6동장기본동,화곡제6동에서 장기본동,27,22
10953,면목3.8동,관양1동,127.0880603,37.5829681,126.9614021,37.406214,면목3.8동관양1동,면목3.8동에서 관양1동,51,32
10974,신당1동,면목제7동,127.0145478,37.5620973,127.0869854,37.5789945,신당1동면목제7동,신당1동에서 면목제7동,26,10
11033,명륜3가,안암동,126.9931,37.5875,127.0213292,37.5858498,명륜3가안암동,명륜3가에서 안암동,16,5.3
11110,상도1동,잠원동,126.953089,37.4981,127.0140771,37.5149619,상도1동잠원동,상도1동에서 잠원동,17,9.6
11118,장안1동,회천3동,127.066375,37.567842,127.0689798,37.8377866,장안1동회천3동,장안1동에서 회천3동,46,37
11138,수유제3동,의정부1동,127.023125,37.638715,127.0475771,37.7464356,수유제3동의정부1동,수유제3동에서 의정부1동,33,16
11146,명륜3가,행당제1동,126.9931,37.5875,127.036188,37.558567,명륜3가행당제1동,명륜3가에서 행당제1동,21,6.7
11163,전농3동,도봉제2동,127.0600375,37.5781027,127.046575,37.669751,전농3동도봉제2동,전농3동에서 도봉제2동,28,13
11170,면목3.8동,중곡제4동,127.0880603,37.5829681,127.0894538,37.5590865,면목3.8동중곡제4동,면목3.8동에서 중곡제4동,9,3.5
11173,필동,신당3동,126.9955699,37.5601529,127.0090022,37.552479,필동신당3동,필동에서 신당3동,12,4.6
11176,용두동,전농3동,127.0372011,37.5758884,127.0600375,37.5781027,용두동전농3동,용두동에서 전농3동,9,3
11184,반포3동,의정부1동,127.0056289,37.5120925,127.0475771,37.7464356,반포3동의정부1동,반포3동에서 의정부1동,53,34
11197,장안1동,둔촌제2동,127.066375,37.567842,127.1419221,37.5332885,장안1동둔촌제2동,장안1동에서 둔촌제2동,22,8.8
11278,풍납2동,이문3동,127.1157686,37.5292584,127.065075,37.6033571,풍납2동이문3동,풍납2동에서 이문3동,27,14
11297,상도1동,백석1동,126.953089,37.4981,126.7925109,37.6496787,상도1동백석1동,상도1동에서 백석1동,35,27
11301,이문3동,신설동,127.065075,37.6033571,127.0255251,37.5749343,이문3동신설동,이문3동에서 신설동,17,8.3
11329,장안1동,남영동,127.066375,37.567842,126.9748403,37.5457586,장안1동남영동,장안1동에서 남영동,26,17
11396,장지동,답십리4동,127.1354,37.4785,127.06125,37.567417,장지동답십리4동,장지동에서 답십리4동,29,23
11409,일원1동,신당1동,127.0879629,37.491839,127.0145478,37.5620973,일원1동신당1동,일원1동에서 신당1동,26,16
11411,가양제3동,제기동,126.8605955,37.561092,127.0378551,37.5831612,가양제3동제기동,가양제3동에서 제기동,31,23
11428,행당제1동,제기동,127.036188,37.558567,127.0378551,37.5831612,행당제1동제기동,행당제1동에서 제기동,11,3.1
11461,잠실3동,신당2동,127.094375,37.513333,127.0082322,37.5542861,잠실3동신당2동,잠실3동에서 신당2동,18,11
11485,신월1동,장기본동,126.831487,37.532808,126.6716999,37.6523061,신월1동장기본동,신월1동에서 장기본동,29,23
11487,용답동,면목3.8동,127.0555515,37.5640618,127.0880603,37.5829681,용답동면목3.8동,용답동에서 면목3.8동,15,6.2
11509,면목3.8동,신촌동,127.0880603,37.5829681,126.9418114,37.5640923,면목3.8동신촌동,면목3.8동에서 신촌동,39,26
11538,면목3.8동,남영동,127.0880603,37.5829681,126.9748403,37.5457586,면목3.8동남영동,면목3.8동에서 남영동,32,21
11540,신당4동,오금동,127.014687,37.557083,126.9138,37.6674,신당4동오금동,신당4동에서 오금동,58,36
11545,이문3동,잠실2동,127.065075,37.6033571,127.088559,37.5119488,이문3동잠실2동,이문3동에서 잠실2동,26,19
11563,잠실2동,이문3동,127.088559,37.5119488,127.065075,37.6033571,잠실2동이문3동,잠실2동에서 이문3동,34,18
11564,남가좌제2동,상도1동,126.9238889,37.5784658,126.953089,37.4981,남가좌제2동상도1동,남가좌제2동에서 상도1동,31,18
11583,답십리제2동,장안2동,127.06125,37.567417,127.0706,37.578483,답십리제2동장안2동,답십리제2동에서 장안2동,6,1.8
11584,상도1동,노량진제1동,126.953089,37.4981,126.942013,37.512308,상도1동노량진제1동,상도1동에서 노량진제1동,10,2.2
11601,전농3동,풍납2동,127.0600375,37.5781027,127.1157686,37.5292584,전농3동풍납2동,전농3동에서 풍납2동,22,16
11682,신당3동,한남동,127.0090022,37.552479,127.0005,37.53455,신당3동한남동,신당3동에서 한남동,11,4.2
11732,이문3동,왕십리도선동,127.065075,37.6033571,127.0255501,37.5678257,이문3동왕십리도선동,이문3동에서 왕십리도선동,16,8
11748,장안1동,수서동,127.066375,37.567842,127.104929,37.4889181,장안1동수서동,장안1동에서 수서동,23,17
11752,이화동,명륜3가,127.004338,37.577008,126.9931,37.5875,이화동명륜3가,이화동에서 명륜3가,8,2.5
11759,안암동,신당3동,127.0213292,37.5858498,127.0090022,37.552479,안암동신당3동,안암동에서 신당3동,17,5.9
11766,강일동,답십리4동,127.173909,37.5649783,127.06125,37.567417,강일동답십리4동,강일동에서 답십리4동,27,14
11777,홍은제1동,장기본동,126.9471111,37.5989056,126.6716999,37.6523061,홍은제1동장기본동,홍은제1동에서 장기본동,36,31
11798,수서동,신당2동,127.104929,37.4889181,127.0082322,37.5542861,수서동신당2동,수서동에서 신당2동,21,13
11809,신대방제2동,상도1동,126.9244085,37.4984422,126.953089,37.4981,신대방제2동상도1동,신대방제2동에서 상도1동,10,3.4
11820,석촌동,신당3동,127.1037,37.503592,127.0090022,37.552479,석촌동신당3동,석촌동에서 신당3동,23,15
11834,상계3.4동,답십리3동,127.0832665,37.6729133,127.0512678,37.5717963,상계3.4동답십리3동,상계3.4동에서 답십리3동,32,18
11860,중계2.3동,흥선동,127.0687126,37.6421829,127.0306961,37.7463446,중계2.3동흥선동,중계2.3동에서 흥선동,27,15
11871,장안1동,회천1동,127.066375,37.567842,127.0661049,37.8441526,장안1동회천1동,장안1동에서 회천1동,48,38
11878,상봉제2동,장안1동,127.0808518,37.592892,127.066375,37.567842,상봉제2동장안1동,상봉제2동에서 장안1동,11,3.5
11906,합정동,신당4동,126.9118888,37.5516561,127.014687,37.557083,합정동신당4동,합정동에서 신당4동,26,16
11919,마천2동,면목3.8동,127.1485193,37.4968477,127.0880603,37.5829681,마천2동면목3.8동,마천2동에서 면목3.8동,27,17
11940,신당3동,마장동,127.0090022,37.552479,127.045388,37.566325,신당3동마장동,신당3동에서 마장동,17,5.3
11966,신당4동,방이1동,127.014687,37.557083,127.123925,37.510933,신당4동방이1동,신당4동에서 방이1동,28,17
11995,답십리4동,명동,127.06125,37.567417,126.98585,37.560042,답십리4동명동,답십리4동에서 명동,26,8.9
12052,신대방제2동,제기동,126.9244085,37.4984422,127.0378551,37.5831612,신대방제2동제기동,신대방제2동에서 제기동,35,21
12059,오류제2동,답십리3동,126.8395371,37.4888016,127.0512678,37.5717963,오류제2동답십리3동,오류제2동에서 답십리3동,49,28
12065,난향동,가능동,126.918842,37.461429,127.0384877,37.7505409,난향동가능동,난향동에서 가능동,60,58
12088,신당3동,고척제1동,127.0090022,37.552479,126.8628603,37.5004631,신당3동고척제1동,신당3동에서 고척제1동,38,24
12089,창제4동,장기본동,127.0515994,37.6522276,126.6716999,37.6523061,창제4동장기본동,창제4동에서 장기본동,50,49
12092,상봉제1동,전농3동,127.0872004,37.5998799,127.0600375,37.5781027,상봉제1동전농3동,상봉제1동에서 전농3동,12,4.5
12097,상암동,명륜3가,126.8946875,37.578325,126.9931,37.5875,상암동명륜3가,상암동에서 명륜3가,28,12
12098,답십리3동,신촌동,127.0512678,37.5717963,126.9418114,37.5640923,답십리3동신촌동,답십리3동에서 신촌동,30,11
12108,답십리3동,신내1동,127.0512678,37.5717963,127.099538,37.605882,답십리3동신내1동,답십리3동에서 신내1동,22,7.3
12109,장안1동,풍산동,127.066375,37.567842,126.7999452,37.6641075,장안1동풍산동,장안1동에서 풍산동,50,39
12130,풍납2동,전농3동,127.1157686,37.5292584,127.0600375,37.5781027,풍납2동전농3동,풍납2동에서 전농3동,24,16
12142,논현1동,김포본동,127.028461,37.5115706,126.7057,37.6275987,논현1동김포본동,논현1동에서 김포본동,51,38
12155,장안1동,자금동,127.066375,37.567842,127.0582251,37.7502752,장안1동자금동,장안1동에서 자금동,39,24
12191,발산제1동,상도1동,126.8331686,37.5531209,126.953089,37.4981,발산제1동상도1동,발산제1동에서 상도1동,33,16
12213,답십리3동,흑석동,127.0512678,37.5717963,126.966612,37.5058617,답십리3동흑석동,답십리3동에서 흑석동,34,16
12271,독산제1동,상도1동,126.897041,37.4702453,126.953089,37.4981,독산제1동상도1동,독산제1동에서 상도1동,22,8.3
12280,신당4동,공항동,127.014687,37.557083,126.8101437,37.5588296,신당4동공항동,신당4동에서 공항동,43,31
12286,답십리3동,중화제2동,127.0512678,37.5717963,127.0795427,37.5993838,답십리3동중화제2동,답십리3동에서 중화제2동,15,5.6
12318,방화제3동,삼송동,126.8135628,37.5787386,126.8937039,37.6525828,방화제3동삼송동,방화제3동에서 삼송동,31,20
12324,수서동,삼송동,127.104929,37.4889181,126.8937039,37.6525828,수서동삼송동,수서동에서 삼송동,51,42
12337,월계2동,제기동,127.0508,37.6325377,127.0378551,37.5831612,월계2동제기동,월계2동에서 제기동,20,7.3
12362,동선동,김포본동,127.0203666,37.5939824,126.7057,37.6275987,동선동김포본동,동선동에서 김포본동,44,37
12375,숭인제2동,상도1동,127.019988,37.574867,126.953089,37.4981,숭인제2동상도1동,숭인제2동에서 상도1동,32,14
12387,신당3동,구로제2동,127.0090022,37.552479,126.8834703,37.491377,신당3동구로제2동,신당3동에서 구로제2동,40,26
12393,낙성대동,신당3동,126.9583884,37.4762971,127.0090022,37.552479,낙성대동신당3동,낙성대동에서 신당3동,28,13
12405,화곡제6동,상도1동,126.8501301,37.5518173,126.953089,37.4981,화곡제6동상도1동,화곡제6동에서 상도1동,24,15
12408,답십리4동,한강로동,127.06125,37.567417,126.9692332,37.5281071,답십리4동한강로동,답십리4동에서 한강로동,24,16
12423,금호1가동,전농3동,127.0216354,37.5549008,127.0600375,37.5781027,금호1가동전농3동,금호1가동에서 전농3동,22,8.4
12449,가락본동,전농3동,127.1217864,37.4955568,127.0600375,37.5781027,가락본동전농3동,가락본동에서 전농3동,30,18
12459,상도1동,숭인제2동,126.953089,37.4981,127.019988,37.574867,상도1동숭인제2동,상도1동에서 숭인제2동,35,13
12460,면목3.8동,번제3동,127.0880603,37.5829681,127.04665,37.625874,면목3.8동번제3동,면목3.8동에서 번제3동,22,8.5
12462,장안1동,중계2.3동,127.066375,37.567842,127.0687126,37.6421829,장안1동중계2.3동,장안1동에서 중계2.3동,25,11
12469,신당6동,갈현제1동,127.0194239,37.5600562,126.916675,37.623707,신당6동갈현제1동,신당6동에서 갈현제1동,41,21
12507,면목3.8동,신내2동,127.0880603,37.5829681,127.0942306,37.6061896,면목3.8동신내2동,면목3.8동에서 신내2동,11,3.3
12523,전농3동,방배4동,127.0600375,37.5781027,126.9923344,37.489007,전농3동방배4동,전농3동에서 방배4동,29,16
12563,신정7동,신당1동,126.8597007,37.514393,127.0145478,37.5620973,신정7동신당1동,신정7동에서 신당1동,41,27
12576,장안1동,삼청동,127.066375,37.567842,126.981836,37.5850126,장안1동삼청동,장안1동에서 삼청동,28,10
12578,혜화동,면목3.8동,127.0005764,37.5869186,127.0880603,37.5829681,혜화동면목3.8동,혜화동에서 면목3.8동,34,13
12579,전농3동,왕십리도선동,127.0600375,37.5781027,127.0255501,37.5678257,전농3동왕십리도선동,전농3동에서 왕십리도선동,11,3.9
12591,면목3.8동,중계본동,127.0880603,37.5829681,127.080338,37.64784,면목3.8동중계본동,면목3.8동에서 중계본동,22,9.9
12609,중곡제1동,김포본동,127.080038,37.560675,126.7057,37.6275987,중곡제1동김포본동,중곡제1동에서 김포본동,53,45
12635,창신제1동,답십리3동,127.016363,37.570758,127.0512678,37.5717963,창신제1동답십리3동,창신제1동에서 답십리3동,12,3.8
12739,신당3동,하계1동,127.0090022,37.552479,127.0725852,37.6405374,신당3동하계1동,신당3동에서 하계1동,38,18
12769,답십리3동,남영동,127.0512678,37.5717963,126.9748403,37.5457586,답십리3동남영동,답십리3동에서 남영동,28,17
12841,면목3.8동,구의제2동,127.0880603,37.5829681,127.0899111,37.5472481,면목3.8동구의제2동,면목3.8동에서 구의제2동,14,4.9
12845,역촌동,신당3동,126.915114,37.6044046,127.0090022,37.552479,역촌동신당3동,역촌동에서 신당3동,35,23
12859,중계2.3동,장기본동,127.0687126,37.6421829,126.6716999,37.6523061,중계2.3동장기본동,중계2.3동에서 장기본동,58,49
12874,제기동,신내1동,127.0378551,37.5831612,127.099538,37.605882,제기동신내1동,제기동에서 신내1동,21,9.9
12880,정릉제1동,면목3.8동,127.0166146,37.6014512,127.0880603,37.5829681,정릉제1동면목3.8동,정릉제1동에서 면목3.8동,28,12
12891,안암동,신당2동,127.0213292,37.5858498,127.0082322,37.5542861,안암동신당2동,안암동에서 신당2동,13,4.2
12904,상도제3동,신당4동,126.9313793,37.4991123,127.014687,37.557083,상도제3동신당4동,상도제3동에서 신당4동,30,15
12912,면목제7동,답십리3동,127.0869854,37.5789945,127.0512678,37.5717963,면목제7동답십리3동,면목제7동에서 답십리3동,14,4.3
12942,화곡제6동,김포본동,126.8501301,37.5518173,126.7057,37.6275987,화곡제6동김포본동,화곡제6동에서 김포본동,27,19
12986,이문3동,퇴계원면,127.065075,37.6033571,127.1446626,37.648977,이문3동퇴계원면,이문3동에서 퇴계원면,23,14
12989,전농3동,화곡본동,127.0600375,37.5781027,126.847725,37.544075,전농3동화곡본동,전농3동에서 화곡본동,42,28
13003,신당3동,황학동,127.0090022,37.552479,127.0212812,37.5673446,신당3동황학동,신당3동에서 황학동,16,2.6
13013,상도1동,상계2동,126.953089,37.4981,127.0678377,37.6574727,상도1동상계2동,상도1동에서 상계2동,46,29
13046,공릉2동,제기동,127.083488,37.621332,127.0378551,37.5831612,공릉2동제기동,공릉2동에서 제기동,19,8.2
13056,상도1동,서초3동,126.953089,37.4981,127.0119725,37.4836682,상도1동서초3동,상도1동에서 서초3동,20,9.4
13066,이문3동,제기동,127.065075,37.6033571,127.0378551,37.5831612,이문3동제기동,이문3동에서 제기동,11,3.9
13072,신당4동,양촌면,127.014687,37.557083,126.6254268,37.6572063,신당4동양촌면,신당4동에서 양촌면,63,50
13101,전농3동,이화동,127.0600375,37.5781027,127.004338,37.577008,전농3동이화동,전농3동에서 이화동,17,6
13110,면목3.8동,명동,127.0880603,37.5829681,126.98585,37.560042,면목3.8동명동,면목3.8동에서 명동,35,11
13119,안암동,장안1동,127.0213292,37.5858498,127.066375,37.567842,안암동장안1동,안암동에서 장안1동,18,6.7
13128,면목3.8동,휘경제2동,127.0880603,37.5829681,127.0685788,37.5902093,면목3.8동휘경제2동,면목3.8동에서 휘경제2동,9,2.9
13173,제기동,정자1동,127.0378551,37.5831612,127.106363,37.3727984,제기동정자1동,제기동에서 정자1동,38,31
13202,신림동,신당3동,126.927075,37.487426,127.0090022,37.552479,신림동신당3동,신림동에서 신당3동,32,16
13233,신내1동,신당1동,127.099538,37.605882,127.0145478,37.5620973,신내1동신당1동,신내1동에서 신당1동,27,14
13248,반포2동,신당4동,126.9945091,37.5046022,127.014687,37.557083,반포2동신당4동,반포2동에서 신당4동,18,9.3
13266,제기동,답십리3동,127.0378551,37.5831612,127.0512678,37.5717963,제기동답십리3동,제기동에서 답십리3동,9,2.6
13277,면목3.8동,구의제1동,127.0880603,37.5829681,127.0856756,37.5424917,면목3.8동구의제1동,면목3.8동에서 구의제1동,17,6.4
13299,상도1동,일원본동,126.953089,37.4981,127.0864633,37.4833484,상도1동일원본동,상도1동에서 일원본동,29,21
13364,전농3동,공릉2동,127.0600375,37.5781027,127.083488,37.621332,전농3동공릉2동,전농3동에서 공릉2동,23,8.4
13430,답십리3동,휘경제2동,127.0512678,37.5717963,127.0685788,37.5902093,답십리3동휘경제2동,답십리3동에서 휘경제2동,9,3.3
13437,이문3동,송중동,127.065075,37.6033571,127.033738,37.616099,이문3동송중동,이문3동에서 송중동,11,4.6
13453,장안1동,고덕제1동,127.066375,37.567842,127.1515382,37.5572593,장안1동고덕제1동,장안1동에서 고덕제1동,25,13
13459,잠실본동,상도1동,127.0832037,37.5060716,126.953089,37.4981,잠실본동상도1동,잠실본동에서 상도1동,33,16
13484,상도1동,응암제3동,126.953089,37.4981,126.9157268,37.5922474,상도1동응암제3동,상도1동에서 응암제3동,35,17
13487,제기동,후암동,127.0378551,37.5831612,126.9781344,37.5486375,제기동후암동,제기동에서 후암동,27,8.6
13489,신당4동,고척제2동,127.014687,37.557083,126.8587122,37.5067055,신당4동고척제2동,신당4동에서 고척제2동,43,25
13514,면목3.8동,쌍문제3동,127.0880603,37.5829681,127.0278643,37.6489775,면목3.8동쌍문제3동,면목3.8동에서 쌍문제3동,27,12
13589,하계1동,제기동,127.0725852,37.6405374,127.0378551,37.5831612,하계1동제기동,하계1동에서 제기동,24,11
13636,신당6동,공항동,127.0194239,37.5600562,126.8101437,37.5588296,신당6동공항동,신당6동에서 공항동,49,34
13643,전농3동,장안2동,127.0600375,37.5781027,127.0706,37.578483,전농3동장안2동,전농3동에서 장안2동,4,1.4
13651,답십리4동,상봉제2동,127.06125,37.567417,127.0808518,37.592892,답십리4동상봉제2동,답십리4동에서 상봉제2동,12,4
13672,면목3.8동,한남동,127.0880603,37.5829681,127.0005,37.53455,면목3.8동한남동,면목3.8동에서 한남동,23,14
13681,상도1동,신정6동,126.953089,37.4981,126.8644471,37.5170414,상도1동신정6동,상도1동에서 신정6동,31,11
13688,행당제2동,장안2동,127.02935,37.558208,127.0706,37.578483,행당제2동장안2동,행당제2동에서 장안2동,17,5.3
13699,중계4동,전농3동,127.0780091,37.6587275,127.0600375,37.5781027,중계4동전농3동,중계4동에서 전농3동,26,13
13836,신당3동,염창동,127.0090022,37.552479,126.8709777,37.553751,신당3동염창동,신당3동에서 염창동,32,21
13869,방학제1동,제기동,127.0407251,37.6641763,127.0378551,37.5831612,방학제1동제기동,방학제1동에서 제기동,22,13
13888,답십리4동,수서동,127.06125,37.567417,127.104929,37.4889181,답십리4동수서동,답십리4동에서 수서동,24,18
13897,답십리4동,안양5동,127.06125,37.567417,126.920838,37.39429,답십리4동안양5동,답십리4동에서 안양5동,57,33
13922,답십리4동,왕십리도선동,127.06125,37.567417,127.0255501,37.5678257,답십리4동왕십리도선동,답십리4동에서 왕십리도선동,11,4.1
13926,대조동,가능동,126.920813,37.614165,127.0384877,37.7505409,대조동가능동,대조동에서 가능동,37,21
13937,이문3동,교남동,127.065075,37.6033571,126.9619364,37.5719391,이문3동교남동,이문3동에서 교남동,33,12
13943,상도1동,상계6.7동,126.953089,37.4981,127.0669541,37.654882,상도1동상계6.7동,상도1동에서 상계6.7동,42,28
13977,장안1동,송내1동,127.066375,37.567842,126.7789446,37.4824389,장안1동송내1동,장안1동에서 송내1동,61,38
13979,황학동,신당3동,127.0212812,37.5673446,127.0090022,37.552479,황학동신당3동,황학동에서 신당3동,13,4.2
13998,신당3동,신정4동,127.0090022,37.552479,126.8558042,37.5245455,신당3동신정4동,신당3동에서 신정4동,37,24
14015,회현동,명륜3가,126.9793216,37.5572864,126.9931,37.5875,회현동명륜3가,회현동에서 명륜3가,19,6.1
14029,상봉제1동,답십리3동,127.0872004,37.5998799,127.0512678,37.5717963,상봉제1동답십리3동,상봉제1동에서 답십리3동,17,5.9
14033,신당3동,역곡3동,127.0090022,37.552479,126.8068977,37.4784166,신당3동역곡3동,신당3동에서 역곡3동,52,32
14055,천호제3동,신당3동,127.1332269,37.5361455,127.0090022,37.552479,천호제3동신당3동,천호제3동에서 신당3동,21,18
14085,화곡본동,제기동,126.847725,37.544075,127.0378551,37.5831612,화곡본동제기동,화곡본동에서 제기동,35,25
14091,창제4동,면목3.8동,127.0515994,37.6522276,127.0880603,37.5829681,창제4동면목3.8동,창제4동에서 면목3.8동,19,11
14108,신당4동,별내면,127.014687,37.557083,127.1247248,37.7025595,신당4동별내면,신당4동에서 별내면,41,33
14114,상도1동,남영동,126.953089,37.4981,126.9748403,37.5457586,상도1동남영동,상도1동에서 남영동,14,6.5
14118,개봉제3동,신당1동,126.853838,37.485993,127.0145478,37.5620973,개봉제3동신당1동,개봉제3동에서 신당1동,43,29
14123,등촌제3동,교하동,126.847881,37.5589789,126.7468664,37.753037,등촌제3동교하동,등촌제3동에서 교하동,36,35
14127,명륜3가,공릉2동,126.9931,37.5875,127.083488,37.621332,명륜3가공릉2동,명륜3가에서 공릉2동,30,15
14162,명륜3가,상계1동,126.9931,37.5875,127.0549781,37.6799006,명륜3가상계1동,명륜3가에서 상계1동,37,22
14186,장지동,답십리3동,127.1354,37.4785,127.0512678,37.5717963,장지동답십리3동,장지동에서 답십리3동,26,20
14245,풍납2동,신당3동,127.1157686,37.5292584,127.0090022,37.552479,풍납2동신당3동,풍납2동에서 신당3동,18,15
14255,갈현제2동,김포본동,126.9158385,37.6185866,126.7057,37.6275987,갈현제2동김포본동,갈현제2동에서 김포본동,38,26
14297,신당3동,왕십리도선동,127.0090022,37.552479,127.0255501,37.5678257,신당3동왕십리도선동,신당3동에서 왕십리도선동,13,3.5
14301,천연동,가능동,126.9590332,37.5711247,127.0384877,37.7505409,천연동가능동,천연동에서 가능동,56,36
14362,남영동,전농3동,126.9748403,37.5457586,127.0600375,37.5781027,남영동전농3동,남영동에서 전농3동,32,15
14388,장안1동,성남동,127.066375,37.567842,127.1383915,37.4350666,장안1동성남동,장안1동에서 성남동,30,26
14404,답십리4동,진관동,127.06125,37.567417,126.9210512,37.634983,답십리4동진관동,답십리4동에서 진관동,39,22
14410,답십리3동,회기동,127.0512678,37.5717963,127.0553132,37.5908083,답십리3동회기동,답십리3동에서 회기동,11,2.9
14420,대조동,김포본동,126.920813,37.614165,126.7057,37.6275987,대조동김포본동,대조동에서 김포본동,39,26
14431,휘경제2동,답십리3동,127.0685788,37.5902093,127.0512678,37.5717963,휘경제2동답십리3동,휘경제2동에서 답십리3동,13,4.8
14433,천호제3동,김포본동,127.1332269,37.5361455,126.7057,37.6275987,천호제3동김포본동,천호제3동에서 김포본동,56,49
14446,청파동,답십리4동,126.9674,37.5488,127.06125,37.567417,청파동답십리4동,청파동에서 답십리4동,38,12
14465,천호제3동,신당2동,127.1332269,37.5361455,127.0082322,37.5542861,천호제3동신당2동,천호제3동에서 신당2동,22,16
14467,정릉제1동,신당6동,127.0166146,37.6014512,127.0194239,37.5600562,정릉제1동신당6동,정릉제1동에서 신당6동,19,6.1
14468,여의동,장기본동,126.934584,37.5177232,126.6716999,37.6523061,여의동장기본동,여의동에서 장기본동,38,29
14514,장안1동,방화제2동,127.066375,37.567842,126.8067549,37.5666997,장안1동방화제2동,장안1동에서 방화제2동,44,36
14516,명륜3가,성산제2동,126.9931,37.5875,126.9090061,37.568618,명륜3가성산제2동,명륜3가에서 성산제2동,23,11
14531,은천동,상도1동,126.9424278,37.4853086,126.953089,37.4981,은천동상도1동,은천동에서 상도1동,9,3.2
14542,내곡동,제기동,127.0583103,37.4493583,127.0378551,37.5831612,내곡동제기동,내곡동에서 제기동,38,20
14551,서초4동,면목3.8동,127.0221589,37.5026685,127.0880603,37.5829681,서초4동면목3.8동,서초4동에서 면목3.8동,32,17
14553,성산제2동,상도1동,126.9090061,37.568618,126.953089,37.4981,성산제2동상도1동,성산제2동에서 상도1동,24,14
14575,전농3동,하계1동,127.0600375,37.5781027,127.0725852,37.6405374,전농3동하계1동,전농3동에서 하계1동,23,10
14586,상도1동,광희동,126.953089,37.4981,127.0050623,37.564494,상도1동광희동,상도1동에서 광희동,24,11
14595,상도1동,신대방제2동,126.953089,37.4981,126.9244085,37.4984422,상도1동신대방제2동,상도1동에서 신대방제2동,10,3.2
14610,장안1동,답십리제1동,127.066375,37.567842,127.0512678,37.5717963,장안1동답십리제1동,장안1동에서 답십리제1동,7,2.6
14638,답십리4동,사근동,127.06125,37.567417,127.0453315,37.5614846,답십리4동사근동,답십리4동에서 사근동,10,3.5
14656,상도1동,공항동,126.953089,37.4981,126.8101437,37.5588296,상도1동공항동,상도1동에서 공항동,30,20