index,start,end,startlat,startlng,endlat,endlng,direction,distance,duration,taxiFare
2367,이문3동,이문2동,127.065075,37.6033571,127.065075,37.6033571,이문3동이문2동,0,0.0,0
12708,전농3동,전농2동,127.0600375,37.5781027,127.0600375,37.5781027,전농3동전농2동,0,0.0,0
14661,하계2동,이문3동,127.0679733,37.6320048,127.065075,37.6033571,하계2동이문3동,0,0.0,0
14708,장안1동,신촌동,127.066375,37.567842,126.9418114,37.5640923,장안1동신촌동,0,0.0,0
14723,도림동,의정부1동,126.89595,37.509475,127.0475771,37.7464356,도림동의정부1동,0,0.0,0
14736,면목3.8동,창제5동,127.0880603,37.5829681,127.0436793,37.6563436,면목3.8동창제5동,0,0.0,0
14789,신당2동,이화동,127.0082322,37.5542861,127.004338,37.577008,신당2동이화동,0,0.0,0
14798,안암동,의정부1동,127.0213292,37.5858498,127.0475771,37.7464356,안암동의정부1동,0,0.0,0
14799,신당3동,서초3동,127.0090022,37.552479,127.0119725,37.4836682,신당3동서초3동,0,0.0,0
14816,신당4동,회현동,127.014687,37.557083,126.9793216,37.5572864,신당4동회현동,0,0.0,0
14820,장안1동,서초2동,127.066375,37.567842,127.02496,37.49208,장안1동서초2동,0,0.0,0
14834,독산제1동,답십리4동,126.897041,37.4702453,127.06125,37.567417,독산제1동답십리4동,0,0.0,0
14993,답십리4동,답십리3동,127.06125,37.567417,127.0512678,37.5717963,답십리4동답십리3동,0,0.0,0
15000,신당6동,신사제1동,127.0194239,37.5600562,126.9117735,37.5978445,신당6동신사제1동,0,0.0,0
15042,역삼1동,제기동,127.0333574,37.4954841,127.0378551,37.5831612,역삼1동제기동,0,0.0,0
15047,장안1동,잠실2동,127.066375,37.567842,127.088559,37.5119488,장안1동잠실2동,0,0.0,0
15061,상도1동,한강로동,126.953089,37.4981,126.9692332,37.5281071,상도1동한강로동,0,0.0,0
15114,신당1동,광희동,127.0145478,37.5620973,127.0050623,37.564494,신당1동광희동,0,0.0,0
15120,방배3동,장안1동,126.9999918,37.4784409,127.066375,37.567842,방배3동장안1동,0,0.0,0
15133,전농3동,용두동,127.0600375,37.5781027,127.0372011,37.5758884,전농3동용두동,0,0.0,0
15136,전농3동,남영동,127.0600375,37.5781027,126.9748403,37.5457586,전농3동남영동,0,0.0,0
15151,신당6동,수서동,127.0194239,37.5600562,127.104929,37.4889181,신당6동수서동,0,0.0,0
15157,이문3동,송포동,127.065075,37.6033571,126.7355113,37.6714524,이문3동송포동,0,0.0,0
15177,구산동,장안2동,126.9103893,37.6117455,127.0706,37.578483,구산동장안2동,0,0.0,0
15189,서림동,신당4동,126.9349995,37.4749956,127.014687,37.557083,서림동신당4동,0,0.0,0
15199,상봉제1동,장안2동,127.0872004,37.5998799,127.0706,37.578483,상봉제1동장안2동,0,0.0,0
15221,상도1동,미성동,126.953089,37.4981,126.9155534,37.4761761,상도1동미성동,0,0.0,0
15229,답십리4동,자양제3동,127.06125,37.567417,127.072913,37.533842,답십리4동자양제3동,0,0.0,0
15289,상도1동,상암동,126.953089,37.4981,126.8946875,37.578325,상도1동상암동,0,0.0,0
15295,전농3동,진관동,127.0600375,37.5781027,126.9210512,37.634983,전농3동진관동,0,0.0,0
15315,면목3.8동,제기동,127.0880603,37.5829681,127.0378551,37.5831612,면목3.8동제기동,0,0.0,0
15335,장안1동,상봉제2동,127.066375,37.567842,127.0808518,37.592892,장안1동상봉제2동,0,0.0,0
15362,중계1동,전농3동,127.0775275,37.6525986,127.0600375,37.5781027,중계1동전농3동,0,0.0,0
15374,서초2동,이문3동,127.02496,37.49208,127.065075,37.6033571,서초2동이문3동,0,0.0,0
15396,행운동,신당1동,126.9570456,37.4806541,127.0145478,37.5620973,행운동신당1동,0,0.0,0
15399,월계3동,신당4동,127.0692485,37.6210475,127.014687,37.557083,월계3동신당4동,0,0.0,0
15418,종암동,흥선동,127.0351572,37.5990075,127.0306961,37.7463446,종암동흥선동,0,0.0,0
15463,전농3동,공릉1.3동,127.0600375,37.5781027,127.073838,37.624874,전농3동공릉1.3동,0,0.0,0
15475,신당6동,안암동,127.0194239,37.5600562,127.0213292,37.5858498,신당6동안암동,0,0.0,0
15488,명륜3가,방학제1동,126.9931,37.5875,127.0407251,37.6641763,명륜3가방학제1동,0,0.0,0
15506,제기동,방화제1동,127.0378551,37.5831612,126.817026,37.5703659,제기동방화제1동,0,0.0,0
15530,마장동,면목3.8동,127.045388,37.566325,127.0880603,37.5829681,마장동면목3.8동,0,0.0,0
15543,명륜3가,대방동,126.9931,37.5875,126.92635,37.508133,명륜3가대방동,0,0.0,0
15546,신당3동,남영동,127.0090022,37.552479,126.9748403,37.5457586,신당3동남영동,0,0.0,0
15563,가락본동,답십리4동,127.1217864,37.4955568,127.06125,37.567417,가락본동답십리4동,0,0.0,0
15605,신당1동,노량진제2동,127.0145478,37.5620973,126.937352,37.508509,신당1동노량진제2동,0,0.0,0
15632,장안1동,능동,127.066375,37.567842,127.0804994,37.5537803,장안1동능동,0,0.0,0
15637,공릉2동,답십리3동,127.083488,37.621332,127.0512678,37.5717963,공릉2동답십리3동,0,0.0,0
15656,답십리4동,역삼1동,127.06125,37.567417,127.0333574,37.4954841,답십리4동역삼1동,0,0.0,0
15686,답십리4동,혜화동,127.06125,37.567417,127.0005764,37.5869186,답십리4동혜화동,0,0.0,0
15704,상도1동,구로제3동,126.953089,37.4981,126.8903678,37.4873799,상도1동구로제3동,0,0.0,0
15736,전농3동,고덕제1동,127.0600375,37.5781027,127.1515382,37.5572593,전농3동고덕제1동,0,0.0,0
15740,신당4동,반포2동,127.014687,37.557083,126.9945091,37.5046022,신당4동반포2동,0,0.0,0
15749,면목3.8동,왕십리도선동,127.0880603,37.5829681,127.0255501,37.5678257,면목3.8동왕십리도선동,0,0.0,0
15752,답십리4동,전농3동,127.06125,37.567417,127.0600375,37.5781027,답십리4동전농3동,0,0.0,0
15753,전농제1동,전농3동,127.0477575,37.5779984,127.0600375,37.5781027,전농제1동전농3동,0,0.0,0
15755,제기동,천호제2동,127.0378551,37.5831612,127.1254351,37.5435257,제기동천호제2동,0,0.0,0
15784,이문3동,잠실3동,127.065075,37.6033571,127.094375,37.513333,이문3동잠실3동,0,0.0,0
15824,신당4동,왕십리도선동,127.014687,37.557083,127.0255501,37.5678257,신당4동왕십리도선동,0,0.0,0
15831,상도1동,사당제4동,126.953089,37.4981,126.9716704,37.4809888,상도1동사당제4동,0,0.0,0
15837,삼양동,장기본동,127.0197725,37.6250518,126.6716999,37.6523061,삼양동장기본동,0,0.0,0
15844,신당4동,서림동,127.014687,37.557083,126.9349995,37.4749956,신당4동서림동,0,0.0,0
15871,수유제1동,면목3.8동,127.0176014,37.6300865,127.0880603,37.5829681,수유제1동면목3.8동,0,0.0,0
15881,답십리3동,공릉2동,127.0512678,37.5717963,127.083488,37.621332,답십리3동공릉2동,0,0.0,0
15894,월곡제2동,신당1동,127.0478758,37.6057667,127.0145478,37.5620973,월곡제2동신당1동,0,0.0,0
15896,신당1동,월곡제2동,127.0145478,37.5620973,127.0478758,37.6057667,신당1동월곡제2동,0,0.0,0
15923,신당4동,상계3.4동,127.014687,37.557083,127.0832665,37.6729133,신당4동상계3.4동,0,0.0,0
15935,제기동,신설동,127.0378551,37.5831612,127.0255251,37.5749343,제기동신설동,0,0.0,0
15984,전농3동,장흥면,127.0600375,37.5781027,126.9410814,37.7179271,전농3동장흥면,0,0.0,0
15990,답십리3동,행당제2동,127.0512678,37.5717963,127.02935,37.558208,답십리3동행당제2동,0,0.0,0
16023,화곡본동,전농3동,126.847725,37.544075,127.0600375,37.5781027,화곡본동전농3동,0,0.0,0
16037,영등포본동,상도1동,126.9093046,37.5146826,126.953089,37.4981,영등포본동상도1동,0,0.0,0
16054,답십리4동,면목3.8동,127.06125,37.567417,127.0880603,37.5829681,답십리4동면목3.8동,0,0.0,0
16072,중화제2동,전농3동,127.0795427,37.5993838,127.0600375,37.5781027,중화제2동전농3동,0,0.0,0
16075,북아현동,제기동,126.957025,37.5595,127.0378551,37.5831612,북아현동제기동,0,0.0,0
16076,제기동,양주2동,127.0378551,37.5831612,127.0803634,37.7969422,제기동양주2동,0,0.0,0
16126,오륜동,상도1동,127.1343,37.515425,126.953089,37.4981,오륜동상도1동,0,0.0,0
16136,답십리4동,청파동,127.06125,37.567417,126.9674,37.5488,답십리4동청파동,0,0.0,0
16170,명륜3가,잠실2동,126.9931,37.5875,127.088559,37.5119488,명륜3가잠실2동,0,0.0,0
16172,전농3동,잠실2동,127.0600375,37.5781027,127.088559,37.5119488,전농3동잠실2동,0,0.0,0
16190,답십리4동,송내1동,127.06125,37.567417,126.7789446,37.4824389,답십리4동송내1동,0,0.0,0
16254,전농3동,답십리4동,127.0600375,37.5781027,127.06125,37.567417,전농3동답십리4동,0,0.0,0
16261,장안1동,제기동,127.066375,37.567842,127.0378551,37.5831612,장안1동제기동,0,0.0,0
16274,답십리4동,가양제3동,127.06125,37.567417,126.8605955,37.561092,답십리4동가양제3동,0,0.0,0
16282,용답동,답십리4동,127.0555515,37.5640618,127.06125,37.567417,용답동답십리4동,0,0.0,0
16300,신당2동,답십리제2동,127.0082322,37.5542861,127.06125,37.567417,신당2동답십리제2동,0,0.0,0
16318,신내2동,제기동,127.0942306,37.6061896,127.0378551,37.5831612,신내2동제기동,0,0.0,0
16321,제기동,여의동,127.0378551,37.5831612,126.934584,37.5177232,제기동여의동,0,0.0,0
16336,신사제1동,삼송동,126.9117735,37.5978445,126.8937039,37.6525828,신사제1동삼송동,0,0.0,0
16354,대학동,상도1동,126.9369907,37.4706145,126.953089,37.4981,대학동상도1동,0,0.0,0
16366,거여1동,상도1동,127.1432324,37.4969643,126.953089,37.4981,거여1동상도1동,0,0.0,0
16411,등촌제3동,전농3동,126.847881,37.5589789,127.0600375,37.5781027,등촌제3동전농3동,0,0.0,0
16424,답십리3동,한남동,127.0512678,37.5717963,127.0005,37.53455,답십리3동한남동,0,0.0,0
16425,이문3동,상계6.7동,127.065075,37.6033571,127.0669541,37.654882,이문3동상계6.7동,0,0.0,0
16434,상도1동,내곡동,126.953089,37.4981,127.0583103,37.4493583,상도1동내곡동,0,0.0,0
16444,방화제3동,의정부1동,126.8135628,37.5787386,127.0475771,37.7464356,방화제3동의정부1동,0,0.0,0
16446,갈현제2동,답십리3동,126.9158385,37.6185866,127.0512678,37.5717963,갈현제2동답십리3동,0,0.0,0
16460,한강로동,원당동,126.9692332,37.5281071,126.86,37.6709,한강로동원당동,0,0.0,0
16509,행운동,신당2동,126.9570456,37.4806541,127.0082322,37.5542861,행운동신당2동,0,0.0,0
16537,이문3동,수유제3동,127.065075,37.6033571,127.023125,37.638715,이문3동수유제3동,0,0.0,0
16542,장안1동,회현동,127.066375,37.567842,126.9793216,37.5572864,장안1동회현동,0,0.0,0
16557,면목3.8동,방배3동,127.0880603,37.5829681,126.9999918,37.4784409,면목3.8동방배3동,0,0.0,0
16569,명륜3가,면목본동,126.9931,37.5875,127.0874227,37.5873592,명륜3가면목본동,0,0.0,0
16594,제기동,석관동,127.0378551,37.5831612,127.061413,37.612957,제기동석관동,0,0.0,0
16602,도곡1동,이문3동,127.0390246,37.488238,127.065075,37.6033571,도곡1동이문3동,0,0.0,0
16606,양재2동,상도1동,127.041188,37.470601,126.953089,37.4981,양재2동상도1동,0,0.0,0
16675,길동,신당1동,127.1426791,37.5345598,127.0145478,37.5620973,길동신당1동,0,0.0,0
16682,명륜3가,전농3동,126.9931,37.5875,127.0600375,37.5781027,명륜3가전농3동,0,0.0,0
16683,장안1동,광적면,127.066375,37.567842,126.9836434,37.8246394,장안1동광적면,0,0.0,0
16688,중림동,전농3동,126.9644863,37.5548629,127.0600375,37.5781027,중림동전농3동,0,0.0,0
16689,암사제3동,전농3동,127.1408249,37.5549912,127.0600375,37.5781027,암사제3동전농3동,0,0.0,0
16691,성현동,전농3동,126.9481271,37.4895366,127.0600375,37.5781027,성현동전농3동,0,0.0,0
16694,인수동,전농3동,127.0106307,37.6415105,127.0600375,37.5781027,인수동전농3동,0,0.0,0
16697,공릉1.3동,전농3동,127.073838,37.624874,127.0600375,37.5781027,공릉1.3동전농3동,0,0.0,0
16705,마장동,전농3동,127.045388,37.566325,127.0600375,37.5781027,마장동전농3동,0,0.0,0
16706,석관동,제기동,127.061413,37.612957,127.0378551,37.5831612,석관동제기동,0,0.0,0
16729,신당3동,일원2동,127.0090022,37.552479,127.0737224,37.4922048,신당3동일원2동,0,0.0,0
16735,신당3동,한강로동,127.0090022,37.552479,126.9692332,37.5281071,신당3동한강로동,0,0.0,0
16789,이문3동,상계2동,127.065075,37.6033571,127.0678377,37.6574727,이문3동상계2동,0,0.0,0
16790,답십리4동,성산제2동,127.06125,37.567417,126.9090061,37.568618,답십리4동성산제2동,0,0.0,0
16799,상봉제2동,의정부1동,127.0808518,37.592892,127.0475771,37.7464356,상봉제2동의정부1동,0,0.0,0
16820,마장동,장안2동,127.045388,37.566325,127.0706,37.578483,마장동장안2동,0,0.0,0
16836,삼성동,소하2동,127.062532,37.5144424,126.8801468,37.4320913,삼성동소하2동,0,0.0,0
16886,답십리3동,성내제2동,127.0512678,37.5717963,127.129563,37.532425,답십리3동성내제2동,0,0.0,0
16935,하계1동,신당3동,127.0725852,37.6405374,127.0090022,37.552479,하계1동신당3동,0,0.0,0
16945,사근동,제기동,127.0453315,37.5614846,127.0378551,37.5831612,사근동제기동,0,0.0,0
16980,답십리3동,가양제1동,127.0512678,37.5717963,126.8447099,37.5695239,답십리3동가양제1동,0,0.0,0
16991,면목3.8동,발산제1동,127.0880603,37.5829681,126.8331686,37.5531209,면목3.8동발산제1동,0,0.0,0
17031,답십리4동,둔촌제2동,127.06125,37.567417,127.1419221,37.5332885,답십리4동둔촌제2동,0,0.0,0
17032,답십리3동,전농2동,127.0512678,37.5717963,127.0600375,37.5781027,답십리3동전농2동,0,0.0,0
17035,묵제1동,이문3동,127.0784729,37.6123734,127.065075,37.6033571,묵제1동이문3동,0,0.0,0
17048,신정3동,장기본동,126.8547892,37.5151685,126.6716999,37.6523061,신정3동장기본동,0,0.0,0
17049,성현동,면목3.8동,126.9481271,37.4895366,127.0880603,37.5829681,성현동면목3.8동,0,0.0,0
17050,답십리4동,풍납1동,127.06125,37.567417,127.122075,37.538092,답십리4동풍납1동,0,0.0,0
17051,신당3동,필동,127.0090022,37.552479,126.9955699,37.5601529,신당3동필동,0,0.0,0
17087,대림제2동,이화동,126.8982938,37.4927521,127.004338,37.577008,대림제2동이화동,0,0.0,0
17095,이문3동,이화동,127.065075,37.6033571,127.004338,37.577008,이문3동이화동,0,0.0,0
17109,제기동,면목제4동,127.0378551,37.5831612,127.0855775,37.5746736,제기동면목제4동,0,0.0,0
17121,답십리4동,비산3동,127.06125,37.567417,126.9455755,37.4040626,답십리4동비산3동,0,0.0,0
17207,평창동,제기동,126.9681871,37.6063166,127.0378551,37.5831612,평창동제기동,0,0.0,0
17252,제기동,퇴계원면,127.0378551,37.5831612,127.1446626,37.648977,제기동퇴계원면,0,0.0,0
17265,마장동,신당1동,127.045388,37.566325,127.0145478,37.5620973,마장동신당1동,0,0.0,0
17307,신당6동,쌍문제4동,127.0194239,37.5600562,127.028425,37.656482,신당6동쌍문제4동,0,0.0,0
17356,방화제3동,제기동,126.8135628,37.5787386,127.0378551,37.5831612,방화제3동제기동,0,0.0,0
17376,답십리3동,잠실2동,127.0512678,37.5717963,127.088559,37.5119488,답십리3동잠실2동,0,0.0,0
17441,마장동,신당3동,127.045388,37.566325,127.0090022,37.552479,마장동신당3동,0,0.0,0
17456,신내2동,답십리4동,127.0942306,37.6061896,127.06125,37.567417,신내2동답십리4동,0,0.0,0
17463,상봉제2동,면목3.8동,127.0808518,37.592892,127.0880603,37.5829681,상봉제2동면목3.8동,0,0.0,0
17479,논현1동,신당4동,127.028461,37.5115706,127.014687,37.557083,논현1동신당4동,0,0.0,0
17512,신당1동,월곡제1동,127.0145478,37.5620973,127.0357574,37.6105472,신당1동월곡제1동,0,0.0,0
17519,명륜3가,동선동,126.9931,37.5875,127.0203666,37.5939824,명륜3가동선동,0,0.0,0
17556,제기동,서초1동,127.0378551,37.5831612,127.0195082,37.4901186,제기동서초1동,0,0.0,0
17580,이문3동,상2동,127.065075,37.6033571,126.7544075,37.5005775,이문3동상2동,0,0.0,0
17588,답십리3동,월곡제2동,127.0512678,37.5717963,127.0478758,37.6057667,답십리3동월곡제2동,0,0.0,0
17619,면목3.8동,문정2동,127.0880603,37.5829681,127.1108107,37.489823,면목3.8동문정2동,0,0.0,0
17641,장안1동,회기동,127.066375,37.567842,127.0553132,37.5908083,장안1동회기동,0,0.0,0
17647,답십리3동,공항동,127.0512678,37.5717963,126.8101437,37.5588296,답십리3동공항동,0,0.0,0
17648,면목3.8동,사근동,127.0880603,37.5829681,127.0453315,37.5614846,면목3.8동사근동,0,0.0,0
17661,금호4가동,답십리3동,127.02241,37.5471987,127.0512678,37.5717963,금호4가동답십리3동,0,0.0,0
17682,미아동,가능동,127.0269791,37.6270736,127.0384877,37.7505409,미아동가능동,0,0.0,0
17693,고척제1동,답십리3동,126.8628603,37.5004631,127.0512678,37.5717963,고척제1동답십리3동,0,0.0,0
17702,중계2.3동,답십리4동,127.0687126,37.6421829,127.06125,37.567417,중계2.3동답십리4동,0,0.0,0
17734,장안2동,신정3동,127.0706,37.578483,126.8547892,37.5151685,장안2동신정3동,0,0.0,0
17742,상암동,신당1동,126.8946875,37.578325,127.0145478,37.5620973,상암동신당1동,0,0.0,0
17769,신당6동,흑석동,127.0194239,37.5600562,126.966612,37.5058617,신당6동흑석동,0,0.0,0
17779,독산제1동,가능동,126.897041,37.4702453,127.0384877,37.7505409,독산제1동가능동,0,0.0,0
17808,면목3.8동,자양제4동,127.0880603,37.5829681,127.0662969,37.5341115,면목3.8동자양제4동,0,0.0,0
17811,신길제1동,김포본동,126.9214285,37.5112667,126.7057,37.6275987,신길제1동김포본동,0,0.0,0
17912,신당1동,답십리제1동,127.0145478,37.5620973,127.0512678,37.5717963,신당1동답십리제1동,0,0.0,0
17977,상도1동,역삼2동,126.953089,37.4981,127.0468034,37.4959674,상도1동역삼2동,0,0.0,0
17981,북가좌제2동,제기동,126.9112,37.5815,127.0378551,37.5831612,북가좌제2동제기동,0,0.0,0
17985,신당1동,광명3동,127.0145478,37.5620973,126.8569482,37.4802281,신당1동광명3동,0,0.0,0
18025,원효로제2동,제기동,126.951538,37.53435,127.0378551,37.5831612,원효로제2동제기동,0,0.0,0
18035,신월2동,신당3동,126.8444512,37.5249763,127.0090022,37.552479,신월2동신당3동,0,0.0,0
18082,답십리3동,진관동,127.0512678,37.5717963,126.9210512,37.634983,답십리3동진관동,0,0.0,0
18089,이문3동,청담동,127.065075,37.6033571,127.049291,37.525107,이문3동청담동,0,0.0,0
18092,남가좌제2동,가능동,126.9238889,37.5784658,127.0384877,37.7505409,남가좌제2동가능동,0,0.0,0
18123,장안1동,광희동,127.066375,37.567842,127.0050623,37.564494,장안1동광희동,0,0.0,0
18138,자양제4동,상도1동,127.0662969,37.5341115,126.953089,37.4981,자양제4동상도1동,0,0.0,0
18179,제기동,삼성2동,127.0378551,37.5831612,127.04595,37.5112,제기동삼성2동,0,0.0,0
18190,답십리3동,갈매동,127.0512678,37.5717963,127.1165641,37.6310929,답십리3동갈매동,0,0.0,0
18198,이문3동,전농3동,127.065075,37.6033571,127.0600375,37.5781027,이문3동전농3동,0,0.0,0
18218,양재1동,상도1동,127.026744,37.4716412,126.953089,37.4981,양재1동상도1동,0,0.0,0
18245,제기동,성산제1동,127.0378551,37.5831612,126.90785,37.5634083,제기동성산제1동,0,0.0,0
18247,장안1동,양주1동,127.066375,37.567842,127.0437813,37.7732673,장안1동양주1동,0,0.0,0
18258,장안1동,구미동,127.066375,37.567842,127.1226373,37.3402542,장안1동구미동,0,0.0,0
18276,명륜3가,답십리4동,126.9931,37.5875,127.06125,37.567417,명륜3가답십리4동,0,0.0,0
18277,제기동,도곡1동,127.0378551,37.5831612,127.0390246,37.488238,제기동도곡1동,0,0.0,0
18286,수서동,제기동,127.104929,37.4889181,127.0378551,37.5831612,수서동제기동,0,0.0,0
18322,거여1동,양재2동,127.1432324,37.4969643,127.041188,37.470601,거여1동양재2동,0,0.0,0
18356,하계1동,제기동,127.0725852,37.6405374,127.0378551,37.5831612,하계1동제기동,0,0.0,0
18358,신당6동,광희동,127.0194239,37.5600562,127.0050623,37.564494,신당6동광희동,0,0.0,0
18359,시흥제3동,상도1동,126.9057945,37.4403095,126.953089,37.4981,시흥제3동상도1동,0,0.0,0
18366,월계2동,장안2동,127.0508,37.6325377,127.0706,37.578483,월계2동장안2동,0,0.0,0
18369,신당3동,조원동,127.0090022,37.552479,126.9078649,37.4826299,신당3동조원동,0,0.0,0
18379,상도1동,대치1동,126.953089,37.4981,127.0567047,37.4931821,상도1동대치1동,0,0.0,0
18392,신당2동,신당3동,127.0082322,37.5542861,127.0090022,37.552479,신당2동신당3동,0,0.0,0
18439,면목3.8동,용두동,127.0880603,37.5829681,127.0372011,37.5758884,면목3.8동용두동,0,0.0,0
18441,신정7동,장기본동,126.8597007,37.514393,126.6716999,37.6523061,신정7동장기본동,0,0.0,0
18455,송천동,장기본동,127.023838,37.618282,126.6716999,37.6523061,송천동장기본동,0,0.0,0
18474,금호2.3가동,답십리3동,127.0209487,37.5532922,127.0512678,37.5717963,금호2.3가동답십리3동,0,0.0,0
18482,상도1동,고봉동,126.953089,37.4981,126.8272398,37.70188,상도1동고봉동,0,0.0,0
18491,답십리3동,면목제4동,127.0512678,37.5717963,127.0855775,37.5746736,답십리3동면목제4동,0,0.0,0
18506,등촌제3동,답십리3동,126.847881,37.5589789,127.0512678,37.5717963,등촌제3동답십리3동,0,0.0,0
18510,오류제2동,신당6동,126.8395371,37.4888016,127.0194239,37.5600562,오류제2동신당6동,0,0.0,0
18521,면목제7동,전농3동,127.0869854,37.5789945,127.0600375,37.5781027,면목제7동전농3동,0,0.0,0
18539,제기동,남영동,127.0378551,37.5831612,126.9748403,37.5457586,제기동남영동,0,0.0,0
18552,상도1동,삼성동,126.953089,37.4981,127.062532,37.5144424,상도1동삼성동,0,0.0,0
18555,전농3동,월계1동,127.0600375,37.5781027,127.0630165,37.6199197,전농3동월계1동,0,0.0,0
18573,이문3동,번제2동,127.065075,37.6033571,127.0387953,37.6323588,이문3동번제2동,0,0.0,0
18579,광희동,신당3동,127.0050623,37.564494,127.0090022,37.552479,광희동신당3동,0,0.0,0
18583,중계2.3동,가능동,127.0687126,37.6421829,127.0384877,37.7505409,중계2.3동가능동,0,0.0,0
18592,삼성2동,명륜3가,127.04595,37.5112,126.9931,37.5875,삼성2동명륜3가,0,0.0,0
18597,공릉1.3동,답십리3동,127.073838,37.624874,127.0512678,37.5717963,공릉1.3동답십리3동,0,0.0,0
18605,답십리4동,도봉제1동,127.06125,37.567417,127.0434369,37.6786913,답십리4동도봉제1동,0,0.0,0
18618,답십리3동,복정동,127.0512678,37.5717963,127.1270814,37.465827,답십리3동복정동,0,0.0,0
18625,제기동,월계3동,127.0378551,37.5831612,127.0692485,37.6210475,제기동월계3동,0,0.0,0
18632,천호제2동,답십리3동,127.1254351,37.5435257,127.0512678,37.5717963,천호제2동답십리3동,0,0.0,0
18633,역삼1동,제기동,127.0333574,37.4954841,127.0378551,37.5831612,역삼1동제기동,0,0.0,0
18643,면목3.8동,정릉제2동,127.0880603,37.5829681,127.0111047,37.6044729,면목3.8동정릉제2동,0,0.0,0
18661,제기동,의정부1동,127.0378551,37.5831612,127.0475771,37.7464356,제기동의정부1동,0,0.0,0
18689,상도1동,낙성대동,126.953089,37.4981,126.9583884,37.4762971,상도1동낙성대동,0,0.0,0
18724,장안2동,구의제3동,127.0706,37.578483,127.0920204,37.5380706,장안2동구의제3동,0,0.0,0
18739,삼성2동,제기동,127.04595,37.5112,127.0378551,37.5831612,삼성2동제기동,0,0.0,0
18749,답십리3동,면목3.8동,127.0512678,37.5717963,127.0880603,37.5829681,답십리3동면목3.8동,0,0.0,0
18754,한남동,신당3동,127.0005,37.53455,127.0090022,37.552479,한남동신당3동,0,0.0,0
18759,독산제1동,김포본동,126.897041,37.4702453,126.7057,37.6275987,독산제1동김포본동,0,0.0,0
18799,김포본동,가양제2동,126.7057,37.6275987,126.8512826,37.5673763,김포본동가양제2동,0,0.0,0
18812,답십리4동,장위제2동,127.06125,37.567417,127.0545206,37.6123899,답십리4동장위제2동,0,0.0,0
18828,명륜3가,휘경제2동,126.9931,37.5875,127.0685788,37.5902093,명륜3가휘경제2동,0,0.0,0
18832,장안1동,제기동,127.066375,37.567842,127.0378551,37.5831612,장안1동제기동,0,0.0,0
18879,진관동,삼송동,126.9210512,37.634983,126.8937039,37.6525828,진관동삼송동,0,0.0,0
18893,신당4동,풍납2동,127.014687,37.557083,127.1157686,37.5292584,신당4동풍납2동,0,0.0,0
18915,압구정동,제기동,127.030713,37.530642,127.0378551,37.5831612,압구정동제기동,0,0.0,0
18926,장안1동,신곡2동,127.066375,37.567842,127.0579769,37.7436996,장안1동신곡2동,0,0.0,0
18940,풍납2동,장안1동,127.1157686,37.5292584,127.066375,37.567842,풍납2동장안1동,0,0.0,0
18942,영등포동,상도1동,126.9106918,37.5203985,126.953089,37.4981,영등포동상도1동,0,0.0,0
18943,장안2동,화양동,127.0706,37.578483,127.0713152,37.5465421,장안2동화양동,0,0.0,0
18946,당산제2동,상도1동,126.8973273,37.5310483,126.953089,37.4981,당산제2동상도1동,0,0.0,0
18954,신당4동,주엽2동,127.014687,37.557083,126.7604919,37.6741199,신당4동주엽2동,0,0.0,0
18969,청량리동,신당1동,127.0472767,37.5862586,127.0145478,37.5620973,청량리동신당1동,0,0.0,0
18987,역촌동,면목3.8동,126.915114,37.6044046,127.0880603,37.5829681,역촌동면목3.8동,0,0.0,0
18990,영등포동,가능동,126.9106918,37.5203985,127.0384877,37.7505409,영등포동가능동,0,0.0,0
18991,신당3동,방이1동,127.0090022,37.552479,127.123925,37.510933,신당3동방이1동,0,0.0,0
18997,상도1동,이태원제1동,126.953089,37.4981,126.9950384,37.5325225,상도1동이태원제1동,0,0.0,0
19035,월계1동,장안1동,127.0630165,37.6199197,127.066375,37.567842,월계1동장안1동,0,0.0,0
19065,내곡동,면목3.8동,127.0583103,37.4493583,127.0880603,37.5829681,내곡동면목3.8동,0,0.0,0
19085,쌍문제4동,면목3.8동,127.028425,37.656482,127.0880603,37.5829681,쌍문제4동면목3.8동,0,0.0,0
19088,면목3.8동,교문1동,127.0880603,37.5829681,127.127737,37.601215,면목3.8동교문1동,0,0.0,0
19094,전농3동,휘경제2동,127.0600375,37.5781027,127.0685788,37.5902093,전농3동휘경제2동,0,0.0,0
19097,제기동,구의제3동,127.0378551,37.5831612,127.0920204,37.5380706,제기동구의제3동,0,0.0,0
19118,제기동,방화제3동,127.0378551,37.5831612,126.8135628,37.5787386,제기동방화제3동,0,0.0,0
19134,신당2동,상일동,127.0082322,37.5542861,127.1683007,37.550583,신당2동상일동,0,0.0,0
19135,이문3동,용답동,127.065075,37.6033571,127.0555515,37.5640618,이문3동용답동,0,0.0,0
19141,서강동,장안1동,126.9321095,37.5477577,127.066375,37.567842,서강동장안1동,0,0.0,0
19143,답십리3동,청량리동,127.0512678,37.5717963,127.0472767,37.5862586,답십리3동청량리동,0,0.0,0
19144,상도1동,왕십리도선동,126.953089,37.4981,127.0255501,37.5678257,상도1동왕십리도선동,0,0.0,0
19164,신당3동,신당제5동,127.0090022,37.552479,127.02185,37.565142,신당3동신당제5동,0,0.0,0
19196,신당1동,마장동,127.0145478,37.5620973,127.045388,37.566325,신당1동마장동,0,0.0,0
19205,응암제2동,면목3.8동,126.9230926,37.5946071,127.0880603,37.5829681,응암제2동면목3.8동,0,0.0,0
19208,금호2.3가동,면목3.8동,127.0209487,37.5532922,127.0880603,37.5829681,금호2.3가동면목3.8동,0,0.0,0
19209,세곡동,상도1동,127.1043555,37.4643683,126.953089,37.4981,세곡동상도1동,0,0.0,0
19214,을지로동,장기본동,126.9913342,37.5667163,126.6716999,37.6523061,을지로동장기본동,0,0.0,0
19244,제기동,연희동,127.0378551,37.5831612,126.9351754,37.5739083,제기동연희동,0,0.0,0
19250,양재1동,제기동,127.026744,37.4716412,127.0378551,37.5831612,양재1동제기동,0,0.0,0
19266,제기동,신내2동,127.0378551,37.5831612,127.0942306,37.6061896,제기동신내2동,0,0.0,0
19268,가양제2동,신당1동,126.8512826,37.5673763,127.0145478,37.5620973,가양제2동신당1동,0,0.0,0
19275,면목제4동,신당1동,127.0855775,37.5746736,127.0145478,37.5620973,면목제4동신당1동,0,0.0,0
19308,제기동,진관동,127.0378551,37.5831612,126.9210512,37.634983,제기동진관동,0,0.0,0
19329,신당1동,성북동,127.0145478,37.5620973,127.0032875,37.5911237,신당1동성북동,0,0.0,0
19335,신당3동,풍무동,127.0090022,37.552479,126.7220389,37.6022192,신당3동풍무동,0,0.0,0
19360,홍은제1동,상도1동,126.9471111,37.5989056,126.953089,37.4981,홍은제1동상도1동,0,0.0,0
19389,휘경제2동,이문3동,127.0685788,37.5902093,127.065075,37.6033571,휘경제2동이문3동,0,0.0,0
19390,신당1동,행운동,127.0145478,37.5620973,126.9570456,37.4806541,신당1동행운동,0,0.0,0
19397,이문3동,신내2동,127.065075,37.6033571,127.0942306,37.6061896,이문3동신내2동,0,0.0,0
19422,반포3동,상도1동,127.0056289,37.5120925,126.953089,37.4981,반포3동상도1동,0,0.0,0
19444,양재1동,신당3동,127.026744,37.4716412,127.0090022,37.552479,양재1동신당3동,0,0.0,0
19455,신당3동,양재1동,127.0090022,37.552479,127.026744,37.4716412,신당3동양재1동,0,0.0,0
19465,신설동,답십리3동,127.0255251,37.5749343,127.0512678,37.5717963,신설동답십리3동,0,0.0,0
19478,신당3동,녹번동,127.0090022,37.552479,126.9298245,37.6021944,신당3동녹번동,0,0.0,0
19489,신당2동,풍무동,127.0082322,37.5542861,126.7220389,37.6022192,신당2동풍무동,0,0.0,0
19496,신당3동,사근동,127.0090022,37.552479,127.0453315,37.5614846,신당3동사근동,0,0.0,0
19499,창제1동,이문3동,127.0438683,37.6483046,127.065075,37.6033571,창제1동이문3동,0,0.0,0
19547,신당6동,신대방제2동,127.0194239,37.5600562,126.9244085,37.4984422,신당6동신대방제2동,0,0.0,0
19558,답십리3동,갈현제1동,127.0512678,37.5717963,126.916675,37.623707,답십리3동갈현제1동,0,0.0,0
19559,갈현제1동,답십리3동,126.916675,37.623707,127.0512678,37.5717963,갈현제1동답십리3동,0,0.0,0
19561,신당2동,상도제3동,127.0082322,37.5542861,126.9313793,37.4991123,신당2동상도제3동,0,0.0,0
19578,행당제2동,답십리3동,127.02935,37.558208,127.0512678,37.5717963,행당제2동답십리3동,0,0.0,0
19583,신당6동,금호1가동,127.0194239,37.5600562,127.0216354,37.5549008,신당6동금호1가동,0,0.0,0
19602,면목3.8동,응암제1동,127.0880603,37.5829681,126.926813,37.6006884,면목3.8동응암제1동,0,0.0,0
19607,풍납1동,답십리4동,127.122075,37.538092,127.06125,37.567417,풍납1동답십리4동,0,0.0,0
19609,제기동,상2동,127.0378551,37.5831612,126.7544075,37.5005775,제기동상2동,0,0.0,0
19619,제기동,방학제1동,127.0378551,37.5831612,127.0407251,37.6641763,제기동방학제1동,0,0.0,0
19620,면목3.8동,중화제2동,127.0880603,37.5829681,127.0795427,37.5993838,면목3.8동중화제2동,0,0.0,0
19623,이문3동,여의동,127.065075,37.6033571,126.934584,37.5177232,이문3동여의동,0,0.0,0
19626,중계2.3동,장안2동,127.0687126,37.6421829,127.0706,37.578483,중계2.3동장안2동,0,0.0,0
19658,면목제2동,제기동,127.07905,37.589799,127.0378551,37.5831612,면목제2동제기동,0,0.0,0
19687,휘경제1동,장안2동,127.065725,37.592932,127.0706,37.578483,휘경제1동장안2동,0,0.0,0
19689,면목3.8동,화곡제4동,127.0880603,37.5829681,126.8609068,37.5346476,면목3.8동화곡제4동,0,0.0,0
19701,쌍문제2동,면목3.8동,127.0389254,37.6579935,127.0880603,37.5829681,쌍문제2동면목3.8동,0,0.0,0
19726,신당1동,묵제1동,127.0145478,37.5620973,127.0784729,37.6123734,신당1동묵제1동,0,0.0,0
19747,신당4동,장암동,127.014687,37.557083,127.0542544,37.7264068,신당4동장암동,0,0.0,0
19761,삼성동,신당4동,127.062532,37.5144424,127.014687,37.557083,삼성동신당4동,0,0.0,0
19766,제기동,신내2동,127.0378551,37.5831612,127.0942306,37.6061896,제기동신내2동,0,0.0,0
19785,신당3동,안양8동,127.0090022,37.552479,126.932137,37.3842191,신당3동안양8동,0,0.0,0
19815,이화동,삼송동,127.004338,37.577008,126.8937039,37.6525828,이화동삼송동,0,0.0,0
19827,미성동,면목3.8동,126.9155534,37.4761761,127.0880603,37.5829681,미성동면목3.8동,0,0.0,0
19828,제기동,사근동,127.0378551,37.5831612,127.0453315,37.5614846,제기동사근동,0,0.0,0
19857,종로5.6가동,신당1동,127.0050414,37.5720148,127.0145478,37.5620973,종로5.6가동신당1동,0,0.0,0
19858,방학제2동,면목3.8동,127.0351005,37.6681842,127.0880603,37.5829681,방학제2동면목3.8동,0,0.0,0
19880,답십리4동,청량리동,127.06125,37.567417,127.0472767,37.5862586,답십리4동청량리동,0,0.0,0
19882,신당3동,번제2동,127.0090022,37.552479,127.0387953,37.6323588,신당3동번제2동,0,0.0,0
19886,신당4동,삼성동,127.014687,37.557083,127.062532,37.5144424,신당4동삼성동,0,0.0,0
19951,신당3동,문정2동,127.0090022,37.552479,127.1108107,37.489823,신당3동문정2동,0,0.0,0
19962,망원제2동,면목3.8동,126.9023578,37.5602495,127.0880603,37.5829681,망원제2동면목3.8동,0,0.0,0
20003,제기동,왕십리도선동,127.0378551,37.5831612,127.0255501,37.5678257,제기동왕십리도선동,0,0.0,0
20009,이문3동,단대동,127.065075,37.6033571,127.1553874,37.4494085,이문3동단대동,0,0.0,0
20010,신당3동,창신제1동,127.0090022,37.552479,127.016363,37.570758,신당3동창신제1동,0,0.0,0
20030,신당1동,길동,127.0145478,37.5620973,127.1426791,37.5345598,신당1동길동,0,0.0,0
20050,면목3.8동,종로5.6가동,127.0880603,37.5829681,127.0050414,37.5720148,면목3.8동종로5.6가동,0,0.0,0
20055,종로5.6가동,면목3.8동,127.0050414,37.5720148,127.0880603,37.5829681,종로5.6가동면목3.8동,0,0.0,0
20069,휘경제2동,답십리4동,127.0685788,37.5902093,127.06125,37.567417,휘경제2동답십리4동,0,0.0,0
20087,효창동,삼송동,126.9618498,37.5424569,126.8937039,37.6525828,효창동삼송동,0,0.0,0
20088,상암동,김포본동,126.8946875,37.578325,126.7057,37.6275987,상암동김포본동,0,0.0,0
20098,대흥동,답십리3동,126.9424619,37.5557827,127.0512678,37.5717963,대흥동답십리3동,0,0.0,0
20106,신당3동,반포3동,127.0090022,37.552479,127.0056289,37.5120925,신당3동반포3동,0,0.0,0
20108,방학제2동,답십리3동,127.0351005,37.6681842,127.0512678,37.5717963,방학제2동답십리3동,0,0.0,0
20116,수궁동,장기본동,126.8314627,37.4939422,126.6716999,37.6523061,수궁동장기본동,0,0.0,0
20131,필동,신당1동,126.9955699,37.5601529,127.0145478,37.5620973,필동신당1동,0,0.0,0
20138,신사제1동,제기동,126.9117735,37.5978445,127.0378551,37.5831612,신사제1동제기동,0,0.0,0
20158,공릉1.3동,가능동,127.073838,37.624874,127.0384877,37.7505409,공릉1.3동가능동,0,0.0,0
20166,신당6동,풍납2동,127.0194239,37.5600562,127.1157686,37.5292584,신당6동풍납2동,0,0.0,0
20167,장안1동,화양동,127.066375,37.567842,127.0713152,37.5465421,장안1동화양동,0,0.0,0
20202,신도림동,상도1동,126.8805826,37.5077664,126.953089,37.4981,신도림동상도1동,0,0.0,0
20243,장안1동,응암제3동,127.066375,37.567842,126.9157268,37.5922474,장안1동응암제3동,0,0.0,0
20247,면목3.8동,제기동,127.0880603,37.5829681,127.0378551,37.5831612,면목3.8동제기동,0,0.0,0
20256,면목제7동,제기동,127.0869854,37.5789945,127.0378551,37.5831612,면목제7동제기동,0,0.0,0
20264,신당6동,세곡동,127.0194239,37.5600562,127.1043555,37.4643683,신당6동세곡동,0,0.0,0
20281,명륜3가,회기동,126.9931,37.5875,127.0553132,37.5908083,명륜3가회기동,0,0.0,0
20294,미성동,신당2동,126.9155534,37.4761761,127.0082322,37.5542861,미성동신당2동,0,0.0,0
20313,면목3.8동,상봉제2동,127.0880603,37.5829681,127.0808518,37.592892,면목3.8동상봉제2동,0,0.0,0
20335,성수2가제1동,신당1동,127.0540659,37.5395907,127.0145478,37.5620973,성수2가제1동신당1동,0,0.0,0
20347,도봉제2동,면목3.8동,127.046575,37.669751,127.0880603,37.5829681,도봉제2동면목3.8동,0,0.0,0
20348,천호제3동,신당6동,127.1332269,37.5361455,127.0194239,37.5600562,천호제3동신당6동,0,0.0,0
20357,이문3동,하계1동,127.065075,37.6033571,127.0725852,37.6405374,이문3동하계1동,0,0.0,0
20364,종암동,답십리4동,127.0351572,37.5990075,127.06125,37.567417,종암동답십리4동,0,0.0,0
20369,신당1동,고봉동,127.0145478,37.5620973,126.8272398,37.70188,신당1동고봉동,0,0.0,0
20408,공릉1.3동,제기동,127.073838,37.624874,127.0378551,37.5831612,공릉1.3동제기동,0,0.0,0
20409,하계2동,장기본동,127.0679733,37.6320048,126.6716999,37.6523061,하계2동장기본동,0,0.0,0
20411,상도1동,자양제3동,126.953089,37.4981,127.072913,37.533842,상도1동자양제3동,0,0.0,0
20412,장안1동,일원1동,127.066375,37.567842,127.0879629,37.491839,장안1동일원1동,0,0.0,0
20425,답십리3동,광희동,127.0512678,37.5717963,127.0050623,37.564494,답십리3동광희동,0,0.0,0
20446,남영동,명륜3가,126.9748403,37.5457586,126.9931,37.5875,남영동명륜3가,0,0.0,0
20458,제기동,가양제3동,127.0378551,37.5831612,126.8605955,37.561092,제기동가양제3동,0,0.0,0
20475,신당3동,제기동,127.0090022,37.552479,127.0378551,37.5831612,신당3동제기동,0,0.0,0
20517,신당4동,번제2동,127.014687,37.557083,127.0387953,37.6323588,신당4동번제2동,0,0.0,0
20562,문정2동,장기본동,127.1108107,37.489823,126.6716999,37.6523061,문정2동장기본동,0,0.0,0
20565,가양제3동,신당1동,126.8605955,37.561092,127.0145478,37.5620973,가양제3동신당1동,0,0.0,0
20585,구로제5동,상도1동,126.8892945,37.5001593,126.953089,37.4981,구로제5동상도1동,0,0.0,0
20628,상봉제1동,제기동,127.0872004,37.5998799,127.0378551,37.5831612,상봉제1동제기동,0,0.0,0
20632,진관동,제기동,126.9210512,37.634983,127.0378551,37.5831612,진관동제기동,0,0.0,0
20649,답십리3동,월계2동,127.0512678,37.5717963,127.0508,37.6325377,답십리3동월계2동,0,0.0,0
20703,장안1동,구의제1동,127.066375,37.567842,127.0856756,37.5424917,장안1동구의제1동,0,0.0,0
20707,방배1동,상도1동,126.9945569,37.4832801,126.953089,37.4981,방배1동상도1동,0,0.0,0
20722,명륜3가,회현동,126.9931,37.5875,126.9793216,37.5572864,명륜3가회현동,0,0.0,0
20776,행당제1동,신당6동,127.036188,37.558567,127.0194239,37.5600562,행당제1동신당6동,0,0.0,0
20778,이문3동,청량리동,127.065075,37.6033571,127.0472767,37.5862586,이문3동청량리동,0,0.0,0
20793,답십리4동,번제2동,127.06125,37.567417,127.0387953,37.6323588,답십리4동번제2동,0,0.0,0
20822,장안1동,이화동,127.066375,37.567842,127.004338,37.577008,장안1동이화동,0,0.0,0
20840,상도1동,삼성1동,126.953089,37.4981,127.062532,37.5144424,상도1동삼성1동,0,0.0,0
20852,신당2동,한남동,127.0082322,37.5542861,127.0005,37.53455,신당2동한남동,0,0.0,0
20855,전농3동,가리봉동,127.0600375,37.5781027,126.8897489,37.4825557,전농3동가리봉동,0,0.0,0
20864,고척제1동,상도1동,126.8628603,37.5004631,126.953089,37.4981,고척제1동상도1동,0,0.0,0
20880,구의제1동,답십리3동,127.0856756,37.5424917,127.0512678,37.5717963,구의제1동답십리3동,0,0.0,0
20885,하계1동,답십리4동,127.0725852,37.6405374,127.06125,37.567417,하계1동답십리4동,0,0.0,0
20909,창제3동,흥선동,127.0429556,37.6381278,127.0306961,37.7463446,창제3동흥선동,0,0.0,0
20924,중곡제4동,답십리3동,127.0894538,37.5590865,127.0512678,37.5717963,중곡제4동답십리3동,0,0.0,0
20949,불광제2동,의정부1동,126.9257389,37.6208567,127.0475771,37.7464356,불광제2동의정부1동,0,0.0,0
20951,창제1동,면목3.8동,127.0438683,37.6483046,127.0880603,37.5829681,창제1동면목3.8동,0,0.0,0
20952,답십리3동,구의제3동,127.0512678,37.5717963,127.0920204,37.5380706,답십리3동구의제3동,0,0.0,0
20961,면목3.8동,숭인제2동,127.0880603,37.5829681,127.019988,37.574867,면목3.8동숭인제2동,0,0.0,0
20974,신당3동,삼선동,127.0090022,37.552479,127.0146297,37.5908326,신당3동삼선동,0,0.0,0
20992,회현동,답십리3동,126.9793216,37.5572864,127.0512678,37.5717963,회현동답십리3동,0,0.0,0
21012,대치4동,신당1동,127.0579127,37.4997415,127.0145478,37.5620973,대치4동신당1동,0,0.0,0
21024,제기동,안암동,127.0378551,37.5831612,127.0213292,37.5858498,제기동안암동,0,0.0,0
21042,신당4동,대학동,127.014687,37.557083,126.9369907,37.4706145,신당4동대학동,0,0.0,0
21066,명륜3가,묵제1동,126.9931,37.5875,127.0784729,37.6123734,명륜3가묵제1동,0,0.0,0
21068,숭인제2동,신당3동,127.019988,37.574867,127.0090022,37.552479,숭인제2동신당3동,0,0.0,0
21073,이촌제1동,신당2동,126.9732,37.5214167,127.0082322,37.5542861,이촌제1동신당2동,0,0.0,0
21084,답십리4동,한남동,127.06125,37.567417,127.0005,37.53455,답십리4동한남동,0,0.0,0
21094,번제3동,김포본동,127.04665,37.625874,126.7057,37.6275987,번제3동김포본동,0,0.0,0
21098,제기동,용두동,127.0378551,37.5831612,127.0372011,37.5758884,제기동용두동,0,0.0,0
21105,상도1동,서강동,126.953089,37.4981,126.9321095,37.5477577,상도1동서강동,0,0.0,0
21106,행당제1동,장기본동,127.036188,37.558567,126.6716999,37.6523061,행당제1동장기본동,0,0.0,0
21108,제기동,삼선동,127.0378551,37.5831612,127.0146297,37.5908326,제기동삼선동,0,0.0,0
21109,용두동,답십리3동,127.0372011,37.5758884,127.0512678,37.5717963,용두동답십리3동,0,0.0,0
21130,가능동,월계3동,127.0384877,37.7505409,127.0692485,37.6210475,가능동월계3동,0,0.0,0
21137,신당3동,망우본동,127.0090022,37.552479,127.1014684,37.6005732,신당3동망우본동,0,0.0,0
21196,면목제2동,제기동,127.07905,37.589799,127.0378551,37.5831612,면목제2동제기동,0,0.0,0
21237,상도1동,화곡제6동,126.953089,37.4981,126.8501301,37.5518173,상도1동화곡제6동,0,0.0,0
21262,방학제2동,제기동,127.0351005,37.6681842,127.0378551,37.5831612,방학제2동제기동,0,0.0,0
21269,신당3동,신사제1동,127.0090022,37.552479,126.9117735,37.5978445,신당3동신사제1동,0,0.0,0
21284,제기동,행당제2동,127.0378551,37.5831612,127.02935,37.558208,제기동행당제2동,0,0.0,0
21297,망우본동,제기동,127.1014684,37.6005732,127.0378551,37.5831612,망우본동제기동,0,0.0,0
21299,제기동,망우본동,127.0378551,37.5831612,127.1014684,37.6005732,제기동망우본동,0,0.0,0
21305,양재1동,면목3.8동,127.026744,37.4716412,127.0880603,37.5829681,양재1동면목3.8동,0,0.0,0
21314,신당3동,신당1동,127.0090022,37.552479,127.0145478,37.5620973,신당3동신당1동,0,0.0,0
21315,신당3동,이화동,127.0090022,37.552479,127.004338,37.577008,신당3동이화동,0,0.0,0
21319,신당2동,황학동,127.0082322,37.5542861,127.0212812,37.5673446,신당2동황학동,0,0.0,0
21326,장안1동,방배3동,127.066375,37.567842,126.9999918,37.4784409,장안1동방배3동,0,0.0,0
21334,제기동,삼성2동,127.0378551,37.5831612,127.04595,37.5112,제기동삼성2동,0,0.0,0
21338,이문3동,공릉2동,127.065075,37.6033571,127.083488,37.621332,이문3동공릉2동,0,0.0,0
21380,제기동,시흥제4동,127.0378551,37.5831612,126.9061924,37.459029,제기동시흥제4동,0,0.0,0
21386,답십리3동,신당4동,127.0512678,37.5717963,127.014687,37.557083,답십리3동신당4동,0,0.0,0
21465,중계2.3동,제기동,127.0687126,37.6421829,127.0378551,37.5831612,중계2.3동제기동,0,0.0,0
21479,거여1동,면목3.8동,127.1432324,37.4969643,127.0880603,37.5829681,거여1동면목3.8동,0,0.0,0
21492,목4동,신당2동,126.86835,37.532425,127.0082322,37.5542861,목4동신당2동,0,0.0,0
21515,성현동,이문3동,126.9481271,37.4895366,127.065075,37.6033571,성현동이문3동,0,0.0,0
21522,독산제1동,삼송동,126.897041,37.4702453,126.8937039,37.6525828,독산제1동삼송동,0,0.0,0
21527,신당3동,풍납2동,127.0090022,37.552479,127.1157686,37.5292584,신당3동풍납2동,0,0.0,0
21536,구로제5동,답십리3동,126.8892945,37.5001593,127.0512678,37.5717963,구로제5동답십리3동,0,0.0,0
21572,삼선동,제기동,127.0146297,37.5908326,127.0378551,37.5831612,삼선동제기동,0,0.0,0
21573,북가좌제2동,신당3동,126.9112,37.5815,127.0090022,37.552479,북가좌제2동신당3동,0,0.0,0
21584,장안1동,잠실6동,127.066375,37.567842,127.10065,37.518142,장안1동잠실6동,0,0.0,0
21602,상계6.7동,명륜3가,127.0669541,37.654882,126.9931,37.5875,상계6.7동명륜3가,0,0.0,0
21607,장안1동,휘경제1동,127.066375,37.567842,127.065725,37.592932,장안1동휘경제1동,0,0.0,0
21609,신당1동,한남동,127.0145478,37.5620973,127.0005,37.53455,신당1동한남동,0,0.0,0
21636,신당3동,상계1동,127.0090022,37.552479,127.0549781,37.6799006,신당3동상계1동,0,0.0,0
21664,신대방제1동,삼송동,126.91005,37.488943,126.8937039,37.6525828,신대방제1동삼송동,0,0.0,0
21670,신당3동,수서동,127.0090022,37.552479,127.104929,37.4889181,신당3동수서동,0,0.0,0
21679,제기동,신당4동,127.0378551,37.5831612,127.014687,37.557083,제기동신당4동,0,0.0,0
21694,제기동,면목3.8동,127.0378551,37.5831612,127.0880603,37.5829681,제기동면목3.8동,0,0.0,0
21734,방배4동,상도1동,126.9923344,37.489007,126.953089,37.4981,방배4동상도1동,0,0.0,0
21742,장안1동,잠실3동,127.066375,37.567842,127.094375,37.513333,장안1동잠실3동,0,0.0,0
21807,신당4동,노량진제2동,127.014687,37.557083,126.937352,37.508509,신당4동노량진제2동,0,0.0,0
21813,신당1동,충현동,127.0145478,37.5620973,126.9546863,37.5648265,신당1동충현동,0,0.0,0
21835,답십리3동,길음제1동,127.0512678,37.5717963,127.0193925,37.6104856,답십리3동길음제1동,0,0.0,0
21848,신당4동,상동,127.014687,37.557083,126.7544075,37.5005775,신당4동상동,0,0.0,0
21858,서원동,상도1동,126.9313,37.4797346,126.953089,37.4981,서원동상도1동,0,0.0,0
21859,상도1동,서원동,126.953089,37.4981,126.9313,37.4797346,상도1동서원동,0,0.0,0
21877,한남동,신당4동,127.0005,37.53455,127.014687,37.557083,한남동신당4동,0,0.0,0
21881,노량진제1동,신당1동,126.942013,37.512308,127.0145478,37.5620973,노량진제1동신당1동,0,0.0,0
21932,문정2동,이문3동,127.1108107,37.489823,127.065075,37.6033571,문정2동이문3동,0,0.0,0
21961,상도1동,심곡2동,126.953089,37.4981,126.7870845,37.4873092,상도1동심곡2동,0,0.0,0
21984,금호1가동,제기동,127.0216354,37.5549008,127.0378551,37.5831612,금호1가동제기동,0,0.0,0
22005,화곡본동,답십리3동,126.847725,37.544075,127.0512678,37.5717963,화곡본동답십리3동,0,0.0,0
22022,흑석동,답십리3동,126.966612,37.5058617,127.0512678,37.5717963,흑석동답십리3동,0,0.0,0
22049,신당2동,행당제1동,127.0082322,37.5542861,127.036188,37.558567,신당2동행당제1동,0,0.0,0
22056,신당3동,신내1동,127.0090022,37.552479,127.099538,37.605882,신당3동신내1동,0,0.0,0
22057,신당제5동,신당1동,127.02185,37.565142,127.0145478,37.5620973,신당제5동신당1동,0,0.0,0
22068,장안2동,회기동,127.0706,37.578483,127.0553132,37.5908083,장안2동회기동,0,0.0,0
22090,중화제1동,답십리4동,127.080623,37.6011745,127.06125,37.567417,중화제1동답십리4동,0,0.0,0
22092,가락1동,제기동,127.1098653,37.4964898,127.0378551,37.5831612,가락1동제기동,0,0.0,0
22116,신당1동,신대방제2동,127.0145478,37.5620973,126.9244085,37.4984422,신당1동신대방제2동,0,0.0,0
22129,신당1동,제기동,127.0145478,37.5620973,127.0378551,37.5831612,신당1동제기동,0,0.0,0
22160,상일동,제기동,127.1683007,37.550583,127.0378551,37.5831612,상일동제기동,0,0.0,0
22171,도림동,상도1동,126.89595,37.509475,126.953089,37.4981,도림동상도1동,0,0.0,0
22226,답십리3동,와부읍,127.0512678,37.5717963,127.2167005,37.5853734,답십리3동와부읍,0,0.0,0
22228,답십리4동,제기동,127.06125,37.567417,127.0378551,37.5831612,답십리4동제기동,0,0.0,0
22233,와부읍,답십리3동,127.2167005,37.5853734,127.0512678,37.5717963,와부읍답십리3동,0,0.0,0
22238,장안1동,수유제1동,127.066375,37.567842,127.0176014,37.6300865,장안1동수유제1동,0,0.0,0
22251,청룡동,상도1동,126.9416518,37.4791304,126.953089,37.4981,청룡동상도1동,0,0.0,0
22258,상도1동,상일동,126.953089,37.4981,127.1683007,37.550583,상도1동상일동,0,0.0,0
22321,신대방제2동,신당1동,126.9244085,37.4984422,127.0145478,37.5620973,신대방제2동신당1동,0,0.0,0
22324,이문3동,화양동,127.065075,37.6033571,127.0713152,37.5465421,이문3동화양동,0,0.0,0
22346,금호2.3가동,신당3동,127.0209487,37.5532922,127.0090022,37.552479,금호2.3가동신당3동,0,0.0,0
22361,이문3동,망우본동,127.065075,37.6033571,127.1014684,37.6005732,이문3동망우본동,0,0.0,0
22369,상도제4동,신당4동,126.941422,37.4994203,127.014687,37.557083,상도제4동신당4동,0,0.0,0
22421,신당1동,도농동,127.0145478,37.5620973,127.1522096,37.6020261,신당1동도농동,0,0.0,0
22430,장안2동,답십리제2동,127.0706,37.578483,127.06125,37.567417,장안2동답십리제2동,0,0.0,0
22450,방화제3동,신당2동,126.8135628,37.5787386,127.0082322,37.5542861,방화제3동신당2동,0,0.0,0
22455,장안1동,사직동,127.066375,37.567842,126.9688397,37.576196,장안1동사직동,0,0.0,0
22456,장안2동,신촌동,127.0706,37.578483,126.9418114,37.5640923,장안2동신촌동,0,0.0,0
22466,번제3동,면목3.8동,127.04665,37.625874,127.0880603,37.5829681,번제3동면목3.8동,0,0.0,0
22487,상봉제2동,답십리4동,127.0808518,37.592892,127.06125,37.567417,상봉제2동답십리4동,0,0.0,0
22499,장지동,장안2동,127.1354,37.4785,127.0706,37.578483,장지동장안2동,0,0.0,0
22504,신당3동,인수동,127.0090022,37.552479,127.0106307,37.6415105,신당3동인수동,0,0.0,0
22506,청량리동,장안2동,127.0472767,37.5862586,127.0706,37.578483,청량리동장안2동,0,0.0,0
22508,하계2동,상도1동,127.0679733,37.6320048,126.953089,37.4981,하계2동상도1동,0,0.0,0
22514,금호1가동,가능동,127.0216354,37.5549008,127.0384877,37.7505409,금호1가동가능동,0,0.0,0
22521,상도1동,양주1동,126.953089,37.4981,127.0437813,37.7732673,상도1동양주1동,0,0.0,0
22561,면목3.8동,반포3동,127.0880603,37.5829681,127.0056289,37.5120925,면목3.8동반포3동,0,0.0,0
22564,상봉제2동,장안2동,127.0808518,37.592892,127.0706,37.578483,상봉제2동장안2동,0,0.0,0
22584,성수2가제3동,신당3동,127.0552645,37.5482223,127.0090022,37.552479,성수2가제3동신당3동,0,0.0,0
22593,장안1동,노량진제1동,127.066375,37.567842,126.942013,37.512308,장안1동노량진제1동,0,0.0,0
22601,이문3동,장안1동,127.065075,37.6033571,127.066375,37.567842,이문3동장안1동,0,0.0,0
22614,전농3동,답십리3동,127.0600375,37.5781027,127.0512678,37.5717963,전농3동답십리3동,0,0.0,0
22626,신월3동,답십리4동,126.8291541,37.5336234,127.06125,37.567417,신월3동답십리4동,0,0.0,0
22712,면목3.8동,둔촌제2동,127.0880603,37.5829681,127.1419221,37.5332885,면목3.8동둔촌제2동,0,0.0,0
22715,면목3.8동,상봉제1동,127.0880603,37.5829681,127.0872004,37.5998799,면목3.8동상봉제1동,0,0.0,0
22719,이문3동,신정6동,127.065075,37.6033571,126.8644471,37.5170414,이문3동신정6동,0,0.0,0
22738,답십리4동,휘경제1동,127.06125,37.567417,127.065725,37.592932,답십리4동휘경제1동,0,0.0,0
22746,답십리4동,상봉제1동,127.06125,37.567417,127.0872004,37.5998799,답십리4동상봉제1동,0,0.0,0
22755,당산제1동,장기본동,126.897443,37.5249643,126.6716999,37.6523061,당산제1동장기본동,0,0.0,0
22775,한강로동,제기동,126.9692332,37.5281071,127.0378551,37.5831612,한강로동제기동,0,0.0,0
22781,면목3.8동,신당1동,127.0880603,37.5829681,127.0145478,37.5620973,면목3.8동신당1동,0,0.0,0
22783,상봉제1동,답십리4동,127.0872004,37.5998799,127.06125,37.567417,상봉제1동답십리4동,0,0.0,0
22784,상도1동,세곡동,126.953089,37.4981,127.1043555,37.4643683,상도1동세곡동,0,0.0,0
22789,대림제1동,신당3동,126.905818,37.4954685,127.0090022,37.552479,대림제1동신당3동,0,0.0,0
22791,이문3동,신내1동,127.065075,37.6033571,127.099538,37.605882,이문3동신내1동,0,0.0,0
22802,답십리4동,화곡제4동,127.06125,37.567417,126.8609068,37.5346476,답십리4동화곡제4동,0,0.0,0
22852,전농3동,망우제3동,127.0600375,37.5781027,127.0949497,37.5919108,전농3동망우제3동,0,0.0,0
22858,답십리3동,행당제1동,127.0512678,37.5717963,127.036188,37.558567,답십리3동행당제1동,0,0.0,0
22869,면목3.8동,상계1동,127.0880603,37.5829681,127.0549781,37.6799006,면목3.8동상계1동,0,0.0,0
22880,미성동,상도1동,126.9155534,37.4761761,126.953089,37.4981,미성동상도1동,0,0.0,0
22890,장안2동,상암동,127.0706,37.578483,126.8946875,37.578325,장안2동상암동,0,0.0,0
22893,장안1동,상2동,127.066375,37.567842,126.7544075,37.5005775,장안1동상2동,0,0.0,0
22897,제기동,문정2동,127.0378551,37.5831612,127.1108107,37.489823,제기동문정2동,0,0.0,0
22902,신당4동,수서동,127.014687,37.557083,127.104929,37.4889181,신당4동수서동,0,0.0,0
22912,신당3동,전농2동,127.0090022,37.552479,127.0600375,37.5781027,신당3동전농2동,0,0.0,0
22928,월계2동,면목3.8동,127.0508,37.6325377,127.0880603,37.5829681,월계2동면목3.8동,0,0.0,0
22938,평창동,삼송동,126.9681871,37.6063166,126.8937039,37.6525828,평창동삼송동,0,0.0,0
22944,묵제1동,제기동,127.0784729,37.6123734,127.0378551,37.5831612,묵제1동제기동,0,0.0,0
22948,낙성대동,상도1동,126.9583884,37.4762971,126.953089,37.4981,낙성대동상도1동,0,0.0,0
22950,성산제2동,제기동,126.9090061,37.568618,127.0378551,37.5831612,성산제2동제기동,0,0.0,0
22960,신당1동,흑석동,127.0145478,37.5620973,126.966612,37.5058617,신당1동흑석동,0,0.0,0
23050,신사제1동,면목3.8동,126.9117735,37.5978445,127.0880603,37.5829681,신사제1동면목3.8동,0,0.0,0
23054,상도1동,신정7동,126.953089,37.4981,126.8597007,37.514393,상도1동신정7동,0,0.0,0
23083,가능동,중계4동,127.0384877,37.7505409,127.0780091,37.6587275,가능동중계4동,0,0.0,0
23085,방배2동,상도1동,126.9855106,37.4797439,126.953089,37.4981,방배2동상도1동,0,0.0,0
23096,답십리4동,용두동,127.06125,37.567417,127.0372011,37.5758884,답십리4동용두동,0,0.0,0
23122,방화제1동,가능동,126.817026,37.5703659,127.0384877,37.7505409,방화제1동가능동,0,0.0,0
23132,이문3동,대치4동,127.065075,37.6033571,127.0579127,37.4997415,이문3동대치4동,0,0.0,0
23164,구의제2동,답십리4동,127.0899111,37.5472481,127.06125,37.567417,구의제2동답십리4동,0,0.0,0
23185,녹번동,신당3동,126.9298245,37.6021944,127.0090022,37.552479,녹번동신당3동,0,0.0,0
23187,면목3.8동,면목본동,127.0880603,37.5829681,127.0874227,37.5873592,면목3.8동면목본동,0,0.0,0
23189,신당6동,황학동,127.0194239,37.5600562,127.0212812,37.5673446,신당6동황학동,0,0.0,0
23208,후암동,상도1동,126.9781344,37.5486375,126.953089,37.4981,후암동상도1동,0,0.0,0
23209,상도1동,오류제2동,126.953089,37.4981,126.8395371,37.4888016,상도1동오류제2동,0,0.0,0
23212,면목3.8동,등촌제3동,127.0880603,37.5829681,126.847881,37.5589789,면목3.8동등촌제3동,0,0.0,0
23220,회기동,제기동,127.0553132,37.5908083,127.0378551,37.5831612,회기동제기동,0,0.0,0
23231,답십리3동,황학동,127.0512678,37.5717963,127.0212812,37.5673446,답십리3동황학동,0,0.0,0
23233,제기동,회기동,127.0378551,37.5831612,127.0553132,37.5908083,제기동회기동,0,0.0,0
23250,상도1동,후암동,126.953089,37.4981,126.9781344,37.5486375,상도1동후암동,0,0.0,0
23274,장안1동,창제5동,127.066375,37.567842,127.0436793,37.6563436,장안1동창제5동,0,0.0,0
23293,중곡제2동,제기동,127.081487,37.560308,127.0378551,37.5831612,중곡제2동제기동,0,0.0,0
23299,신당1동,삼성2동,127.0145478,37.5620973,127.04595,37.5112,신당1동삼성2동,0,0.0,0
23301,중곡제2동,면목3.8동,127.081487,37.560308,127.0880603,37.5829681,중곡제2동면목3.8동,0,0.0,0
23317,망우제3동,답십리3동,127.0949497,37.5919108,127.0512678,37.5717963,망우제3동답십리3동,0,0.0,0
23318,신당1동,구의제3동,127.0145478,37.5620973,127.0920204,37.5380706,신당1동구의제3동,0,0.0,0
23324,구의제1동,면목3.8동,127.0856756,37.5424917,127.0880603,37.5829681,구의제1동면목3.8동,0,0.0,0
23327,대학동,신당4동,126.9369907,37.4706145,127.014687,37.557083,대학동신당4동,0,0.0,0
23348,종로5.6가동,명륜3가,127.0050414,37.5720148,126.9931,37.5875,종로5.6가동명륜3가,0,0.0,0
23349,상도제3동,신당2동,126.9313793,37.4991123,127.0082322,37.5542861,상도제3동신당2동,0,0.0,0
23376,상도1동,신길제5동,126.953089,37.4981,126.9052679,37.5016177,상도1동신길제5동,0,0.0,0
23402,상도1동,도곡1동,126.953089,37.4981,127.0390246,37.488238,상도1동도곡1동,0,0.0,0
23403,연남동,상도1동,126.922027,37.564501,126.953089,37.4981,연남동상도1동,0,0.0,0
23405,신당3동,영등포동,127.0090022,37.552479,126.9106918,37.5203985,신당3동영등포동,0,0.0,0
23417,상도1동,혜화동,126.953089,37.4981,127.0005764,37.5869186,상도1동혜화동,0,0.0,0
23424,광희동,명륜3가,127.0050623,37.564494,126.9931,37.5875,광희동명륜3가,0,0.0,0
23439,제기동,장안1동,127.0378551,37.5831612,127.066375,37.567842,제기동장안1동,0,0.0,0
23458,신사제1동,김포본동,126.9117735,37.5978445,126.7057,37.6275987,신사제1동김포본동,0,0.0,0
23465,천호제2동,김포본동,127.1254351,37.5435257,126.7057,37.6275987,천호제2동김포본동,0,0.0,0
23482,인헌동,상도1동,126.9652628,37.4750974,126.953089,37.4981,인헌동상도1동,0,0.0,0
23487,답십리4동,홍제제2동,127.06125,37.567417,126.949338,37.586107,답십리4동홍제제2동,0,0.0,0
23496,장안1동,범박동,127.066375,37.567842,126.813194,37.4701848,장안1동범박동,0,0.0,0
23520,신당1동,용두동,127.0145478,37.5620973,127.0372011,37.5758884,신당1동용두동,0,0.0,0
23547,왕십리도선동,전농3동,127.0255501,37.5678257,127.0600375,37.5781027,왕십리도선동전농3동,0,0.0,0
23585,장안2동,진접읍,127.0706,37.578483,127.1895841,37.7259104,장안2동진접읍,0,0.0,0
23590,신당2동,오금동,127.0082322,37.5542861,126.9138,37.6674,신당2동오금동,0,0.0,0
23592,하계1동,답십리3동,127.0725852,37.6405374,127.0512678,37.5717963,하계1동답십리3동,0,0.0,0
23593,상도1동,삼각산동,126.953089,37.4981,127.0207209,37.6151568,상도1동삼각산동,0,0.0,0
23596,가양제1동,제기동,126.8447099,37.5695239,127.0378551,37.5831612,가양제1동제기동,0,0.0,0
23611,답십리4동,중곡제2동,127.06125,37.567417,127.081487,37.560308,답십리4동중곡제2동,0,0.0,0
23624,정릉제1동,장안2동,127.0166146,37.6014512,127.0706,37.578483,정릉제1동장안2동,0,0.0,0
23667,화곡본동,삼송동,126.847725,37.544075,126.8937039,37.6525828,화곡본동삼송동,0,0.0,0
23687,상도1동,화전동,126.953089,37.4981,126.8726717,37.6000423,상도1동화전동,0,0.0,0
23711,풍납1동,면목3.8동,127.122075,37.538092,127.0880603,37.5829681,풍납1동면목3.8동,0,0.0,0
23719,신설동,신당2동,127.0255251,37.5749343,127.0082322,37.5542861,신설동신당2동,0,0.0,0
23723,면목3.8동,풍납1동,127.0880603,37.5829681,127.122075,37.538092,면목3.8동풍납1동,0,0.0,0
23747,신당4동,개포2동,127.014687,37.557083,127.0689523,37.4897723,신당4동개포2동,0,0.0,0
23779,이문2동,이문3동,127.065075,37.6033571,127.065075,37.6033571,이문2동이문3동,0,0.0,0
23782,공릉1.3동,김포본동,127.073838,37.624874,126.7057,37.6275987,공릉1.3동김포본동,0,0.0,0
23804,등촌제3동,장기본동,126.847881,37.5589789,126.6716999,37.6523061,등촌제3동장기본동,0,0.0,0
23834,목3동,당하동,126.8644431,37.5448009,126.7450189,37.7429693,목3동당하동,0,0.0,0
23835,답십리3동,안암동,127.0512678,37.5717963,127.0213292,37.5858498,답십리3동안암동,0,0.0,0
23845,상도1동,신길제1동,126.953089,37.4981,126.9214285,37.5112667,상도1동신길제1동,0,0.0,0
23884,신당3동,삼청동,127.0090022,37.552479,126.981836,37.5850126,신당3동삼청동,0,0.0,0
23893,장안2동,장충동,127.0706,37.578483,127.0078812,37.5618946,장안2동장충동,0,0.0,0
23929,수궁동,답십리3동,126.8314627,37.4939422,127.0512678,37.5717963,수궁동답십리3동,0,0.0,0
23931,사당제2동,흥선동,126.9792598,37.4887323,127.0306961,37.7463446,사당제2동흥선동,0,0.0,0
23932,전농3동,신길제4동,127.0600375,37.5781027,126.9112884,37.5084555,전농3동신길제4동,0,0.0,0
23946,신림동,상도1동,126.927075,37.487426,126.953089,37.4981,신림동상도1동,0,0.0,0
23962,화곡본동,장기본동,126.847725,37.544075,126.6716999,37.6523061,화곡본동장기본동,0,0.0,0
23971,신내2동,이문3동,127.0942306,37.6061896,127.065075,37.6033571,신내2동이문3동,0,0.0,0
23991,김포본동,중계2.3동,126.7057,37.6275987,127.0687126,37.6421829,김포본동중계2.3동,0,0.0,0
24003,제기동,방화제3동,127.0378551,37.5831612,126.8135628,37.5787386,제기동방화제3동,0,0.0,0
24011,하계1동,면목3.8동,127.0725852,37.6405374,127.0880603,37.5829681,하계1동면목3.8동,0,0.0,0
24086,신당6동,상일동,127.0194239,37.5600562,127.1683007,37.550583,신당6동상일동,0,0.0,0
24088,답십리제2동,답십리3동,127.06125,37.567417,127.0512678,37.5717963,답십리제2동답십리3동,0,0.0,0
24091,전농3동,상계6.7동,127.0600375,37.5781027,127.0669541,37.654882,전농3동상계6.7동,0,0.0,0
24098,상계1동,면목3.8동,127.0549781,37.6799006,127.0880603,37.5829681,상계1동면목3.8동,0,0.0,0
24101,면목제4동,제기동,127.0855775,37.5746736,127.0378551,37.5831612,면목제4동제기동,0,0.0,0
24106,답십리제1동,제기동,127.0512678,37.5717963,127.0378551,37.5831612,답십리제1동제기동,0,0.0,0
24109,서강동,신당3동,126.9321095,37.5477577,127.0090022,37.552479,서강동신당3동,0,0.0,0
24129,면목3.8동,대림제2동,127.0880603,37.5829681,126.8982938,37.4927521,면목3.8동대림제2동,0,0.0,0
24137,신당6동,성수1가제1동,127.0194239,37.5600562,127.04965,37.542108,신당6동성수1가제1동,0,0.0,0
24178,종로1.2.3.4가동,김포본동,126.9902618,37.574461,126.7057,37.6275987,종로1.2.3.4가동김포본동,0,0.0,0
24193,당산제1동,상도1동,126.897443,37.5249643,126.953089,37.4981,당산제1동상도1동,0,0.0,0
24194,청운효자동,제기동,126.9706519,37.5841367,127.0378551,37.5831612,청운효자동제기동,0,0.0,0
24206,삼각산동,면목3.8동,127.0207209,37.6151568,127.0880603,37.5829681,삼각산동면목3.8동,0,0.0,0
24237,시흥제1동,제기동,126.9032625,37.4535411,127.0378551,37.5831612,시흥제1동제기동,0,0.0,0
24241,상도1동,홍은제1동,126.953089,37.4981,126.9471111,37.5989056,상도1동홍은제1동,0,0.0,0
24248,대조동,상도1동,126.920813,37.614165,126.953089,37.4981,대조동상도1동,0,0.0,0
24257,상도1동,명동,126.953089,37.4981,126.98585,37.560042,상도1동명동,0,0.0,0
24270,세곡동,제기동,127.1043555,37.4643683,127.0378551,37.5831612,세곡동제기동,0,0.0,0
24282,제기동,세곡동,127.0378551,37.5831612,127.1043555,37.4643683,제기동세곡동,0,0.0,0
24292,행운동,상도1동,126.9570456,37.4806541,126.953089,37.4981,행운동상도1동,0,0.0,0
24342,이문3동,일원1동,127.065075,37.6033571,127.0879629,37.491839,이문3동일원1동,0,0.0,0
24349,상도1동,자양제2동,126.953089,37.4981,127.084438,37.528825,상도1동자양제2동,0,0.0,0
24379,장안1동,장안2동,127.066375,37.567842,127.0706,37.578483,장안1동장안2동,0,0.0,0
24380,상도1동,상도제4동,126.953089,37.4981,126.941422,37.4994203,상도1동상도제4동,0,0.0,0
24385,중계1동,면목3.8동,127.0775275,37.6525986,127.0880603,37.5829681,중계1동면목3.8동,0,0.0,0
24395,전농3동,사근동,127.0600375,37.5781027,127.0453315,37.5614846,전농3동사근동,0,0.0,0
24438,답십리3동,하계1동,127.0512678,37.5717963,127.0725852,37.6405374,답십리3동하계1동,0,0.0,0
24442,제기동,풍납2동,127.0378551,37.5831612,127.1157686,37.5292584,제기동풍납2동,0,0.0,0
24458,삼선동,신당3동,127.0146297,37.5908326,127.0090022,37.552479,삼선동신당3동,0,0.0,0
24465,이문3동,상일동,127.065075,37.6033571,127.1683007,37.550583,이문3동상일동,0,0.0,0
24492,은천동,신당4동,126.9424278,37.4853086,127.014687,37.557083,은천동신당4동,0,0.0,0
24502,일원2동,전농3동,127.0737224,37.4922048,127.0600375,37.5781027,일원2동전농3동,0,0.0,0
24514,제기동,성내제3동,127.0378551,37.5831612,127.13287,37.5260101,제기동성내제3동,0,0.0,0
24522,면목3.8동,안암동,127.0880603,37.5829681,127.0213292,37.5858498,면목3.8동안암동,0,0.0,0
24524,방화제1동,장기본동,126.817026,37.5703659,126.6716999,37.6523061,방화제1동장기본동,0,0.0,0
24535,중계2.3동,신당1동,127.0687126,37.6421829,127.0145478,37.5620973,중계2.3동신당1동,0,0.0,0
24538,신당3동,충현동,127.0090022,37.552479,126.9546863,37.5648265,신당3동충현동,0,0.0,0
24546,상도1동,방배1동,126.953089,37.4981,126.9945569,37.4832801,상도1동방배1동,0,0.0,0
24547,후암동,신당1동,126.9781344,37.5486375,127.0145478,37.5620973,후암동신당1동,0,0.0,0
24552,장안1동,답십리3동,127.066375,37.567842,127.0512678,37.5717963,장안1동답십리3동,0,0.0,0
24558,신당3동,숭인제1동,127.0090022,37.552479,127.0156274,37.5778049,신당3동숭인제1동,0,0.0,0
24588,전농2동,제기동,127.0600375,37.5781027,127.0378551,37.5831612,전농2동제기동,0,0.0,0
24601,묵제1동,장안1동,127.0784729,37.6123734,127.066375,37.567842,묵제1동장안1동,0,0.0,0
24604,신당3동,석수2동,127.0090022,37.552479,126.9093548,37.4139694,신당3동석수2동,0,0.0,0
24637,이문3동,장항2동,127.065075,37.6033571,126.7783329,37.649886,이문3동장항2동,0,0.0,0
24642,대치4동,이문3동,127.0579127,37.4997415,127.065075,37.6033571,대치4동이문3동,0,0.0,0
24706,인수동,면목3.8동,127.0106307,37.6415105,127.0880603,37.5829681,인수동면목3.8동,0,0.0,0
24711,미성동,신당3동,126.9155534,37.4761761,127.0090022,37.552479,미성동신당3동,0,0.0,0
24735,장안1동,조안면,127.066375,37.567842,127.30345,37.5359,장안1동조안면,0,0.0,0
24739,중계2.3동,제기동,127.0687126,37.6421829,127.0378551,37.5831612,중계2.3동제기동,0,0.0,0
24760,신월6동,장기본동,126.8451512,37.5180328,126.6716999,37.6523061,신월6동장기본동,0,0.0,0
24798,전농2동,제기동,127.0600375,37.5781027,127.0378551,37.5831612,전농2동제기동,0,0.0,0
24803,상도1동,전농2동,126.953089,37.4981,127.0600375,37.5781027,상도1동전농2동,0,0.0,0
24808,면목3.8동,전농3동,127.0880603,37.5829681,127.0600375,37.5781027,면목3.8동전농3동,0,0.0,0
24844,수궁동,제기동,126.8314627,37.4939422,127.0378551,37.5831612,수궁동제기동,0,0.0,0
24853,제기동,공덕동,127.0378551,37.5831612,126.960025,37.550192,제기동공덕동,0,0.0,0
24855,신당1동,상계1동,127.0145478,37.5620973,127.0549781,37.6799006,신당1동상계1동,0,0.0,0
24859,상도1동,안암동,126.953089,37.4981,127.0213292,37.5858498,상도1동안암동,0,0.0,0
24900,도봉제2동,신당1동,127.046575,37.669751,127.0145478,37.5620973,도봉제2동신당1동,0,0.0,0
24936,신당2동,충현동,127.0082322,37.5542861,126.9546863,37.5648265,신당2동충현동,0,0.0,0
24952,홍제제1동,삼송동,126.9448779,37.5876988,126.8937039,37.6525828,홍제제1동삼송동,0,0.0,0
24954,가양제2동,면목3.8동,126.8512826,37.5673763,127.0880603,37.5829681,가양제2동면목3.8동,0,0.0,0
24965,중림동,신당6동,126.9644863,37.5548629,127.0194239,37.5600562,중림동신당6동,0,0.0,0
24969,면목3.8동,대림제3동,127.0880603,37.5829681,126.8980312,37.4983347,면목3.8동대림제3동,0,0.0,0
24984,옥수동,면목3.8동,127.0134622,37.5436386,127.0880603,37.5829681,옥수동면목3.8동,0,0.0,0
24993,신당6동,종로1.2.3.4가동,127.0194239,37.5600562,126.9902618,37.574461,신당6동종로1.2.3.4가동,0,0.0,0
25035,장안2동,전농제1동,127.0706,37.578483,127.0477575,37.5779984,장안2동전농제1동,0,0.0,0
25048,전농제1동,장안2동,127.0477575,37.5779984,127.0706,37.578483,전농제1동장안2동,0,0.0,0
25058,신당4동,송중동,127.014687,37.557083,127.033738,37.616099,신당4동송중동,0,0.0,0
25072,상도1동,서초1동,126.953089,37.4981,127.0195082,37.4901186,상도1동서초1동,0,0.0,0
25080,구의제2동,장안2동,127.0899111,37.5472481,127.0706,37.578483,구의제2동장안2동,0,0.0,0
25082,답십리3동,답십리4동,127.0512678,37.5717963,127.06125,37.567417,답십리3동답십리4동,0,0.0,0
25092,상도1동,서교동,126.953089,37.4981,126.914588,37.5551015,상도1동서교동,0,0.0,0
25126,장안2동,금호4가동,127.0706,37.578483,127.02241,37.5471987,장안2동금호4가동,0,0.0,0
25193,신당6동,왕십리제2동,127.0194239,37.5600562,127.0310207,37.5617987,신당6동왕십리제2동,0,0.0,0
25195,풍무동,신당3동,126.7220389,37.6022192,127.0090022,37.552479,풍무동신당3동,0,0.0,0
25216,전농3동,대림제2동,127.0600375,37.5781027,126.8982938,37.4927521,전농3동대림제2동,0,0.0,0
25229,신정2동,제기동,126.870679,37.5192314,127.0378551,37.5831612,신정2동제기동,0,0.0,0
25237,대림제2동,전농3동,126.8982938,37.4927521,127.0600375,37.5781027,대림제2동전농3동,0,0.0,0
25276,답십리4동,풍납2동,127.06125,37.567417,127.1157686,37.5292584,답십리4동풍납2동,0,0.0,0
25351,장안1동,자양제3동,127.066375,37.567842,127.072913,37.533842,장안1동자양제3동,0,0.0,0
25375,신당3동,청량리동,127.0090022,37.552479,127.0472767,37.5862586,신당3동청량리동,0,0.0,0
25377,신당제5동,면목3.8동,127.02185,37.565142,127.0880603,37.5829681,신당제5동면목3.8동,0,0.0,0
25387,장위제3동,전농3동,127.056603,37.6165512,127.0600375,37.5781027,장위제3동전농3동,0,0.0,0
25413,상도1동,소공동,126.953089,37.4981,126.977025,37.562442,상도1동소공동,0,0.0,0
25418,중곡제4동,면목3.8동,127.0894538,37.5590865,127.0880603,37.5829681,중곡제4동면목3.8동,0,0.0,0
25436,면목제7동,답십리4동,127.0869854,37.5789945,127.06125,37.567417,면목제7동답십리4동,0,0.0,0
25437,면목3.8동,용답동,127.0880603,37.5829681,127.0555515,37.5640618,면목3.8동용답동,0,0.0,0
25457,구의제3동,면목3.8동,127.0920204,37.5380706,127.0880603,37.5829681,구의제3동면목3.8동,0,0.0,0
25466,면목3.8동,중곡제3동,127.0880603,37.5829681,127.0801736,37.5688084,면목3.8동중곡제3동,0,0.0,0
25493,이문3동,독산제2동,127.065075,37.6033571,126.9034825,37.4631474,이문3동독산제2동,0,0.0,0
25501,상도1동,안양5동,126.953089,37.4981,126.920838,37.39429,상도1동안양5동,0,0.0,0
25503,중곡제3동,제기동,127.0801736,37.5688084,127.0378551,37.5831612,중곡제3동제기동,0,0.0,0
25508,신대방제2동,면목3.8동,126.9244085,37.4984422,127.0880603,37.5829681,신대방제2동면목3.8동,0,0.0,0
25517,전농3동,전농제1동,127.0600375,37.5781027,127.0477575,37.5779984,전농3동전농제1동,0,0.0,0
25519,상도1동,한남동,126.953089,37.4981,127.0005,37.53455,상도1동한남동,0,0.0,0
25536,신촌동,제기동,126.9418114,37.5640923,127.0378551,37.5831612,신촌동제기동,0,0.0,0
25540,면목3.8동,범박동,127.0880603,37.5829681,126.813194,37.4701848,면목3.8동범박동,0,0.0,0
25575,면목3.8동,수서동,127.0880603,37.5829681,127.104929,37.4889181,면목3.8동수서동,0,0.0,0
25593,상도1동,은천동,126.953089,37.4981,126.9424278,37.4853086,상도1동은천동,0,0.0,0
25595,방학제3동,신당1동,127.028036,37.6591685,127.0145478,37.5620973,방학제3동신당1동,0,0.0,0
25609,구의제2동,장안1동,127.0899111,37.5472481,127.066375,37.567842,구의제2동장안1동,0,0.0,0
25612,월계1동,전농3동,127.0630165,37.6199197,127.0600375,37.5781027,월계1동전농3동,0,0.0,0
25617,고덕제1동,장기본동,127.1515382,37.5572593,126.6716999,37.6523061,고덕제1동장기본동,0,0.0,0
25665,면목3.8동,양평제1동,127.0880603,37.5829681,126.888238,37.52365,면목3.8동양평제1동,0,0.0,0
25669,신당2동,월계2동,127.0082322,37.5542861,127.0508,37.6325377,신당2동월계2동,0,0.0,0
25681,수서동,장안1동,127.104929,37.4889181,127.066375,37.567842,수서동장안1동,0,0.0,0
25687,면목3.8동,도곡1동,127.0880603,37.5829681,127.0390246,37.488238,면목3.8동도곡1동,0,0.0,0
25695,신정4동,신당1동,126.8558042,37.5245455,127.0145478,37.5620973,신정4동신당1동,0,0.0,0
25702,중곡제4동,장기본동,127.0894538,37.5590865,126.6716999,37.6523061,중곡제4동장기본동,0,0.0,0
25726,면목제7동,면목3.8동,127.0869854,37.5789945,127.0880603,37.5829681,면목제7동면목3.8동,0,0.0,0
25738,전농2동,면목3.8동,127.0600375,37.5781027,127.0880603,37.5829681,전농2동면목3.8동,0,0.0,0
25742,성현동,신당2동,126.9481271,37.4895366,127.0082322,37.5542861,성현동신당2동,0,0.0,0
25744,이문3동,신당3동,127.065075,37.6033571,127.0090022,37.552479,이문3동신당3동,0,0.0,0
25768,명일제1동,면목3.8동,127.1443656,37.5512453,127.0880603,37.5829681,명일제1동면목3.8동,0,0.0,0
25828,마장동,제기동,127.045388,37.566325,127.0378551,37.5831612,마장동제기동,0,0.0,0
25841,방배2동,김포본동,126.9855106,37.4797439,126.7057,37.6275987,방배2동김포본동,0,0.0,0
25862,면목3.8동,중화제1동,127.0880603,37.5829681,127.080623,37.6011745,면목3.8동중화제1동,0,0.0,0
25876,상도1동,아현동,126.953089,37.4981,126.95215,37.547125,상도1동아현동,0,0.0,0
25899,월계3동,이문3동,127.0692485,37.6210475,127.065075,37.6033571,월계3동이문3동,0,0.0,0
25900,번제3동,제기동,127.04665,37.625874,127.0378551,37.5831612,번제3동제기동,0,0.0,0
25917,신정2동,제기동,126.870679,37.5192314,127.0378551,37.5831612,신정2동제기동,0,0.0,0
25924,이문3동,중화제2동,127.065075,37.6033571,127.0795427,37.5993838,이문3동중화제2동,0,0.0,0
25934,한강로동,의정부1동,126.9692332,37.5281071,127.0475771,37.7464356,한강로동의정부1동,0,0.0,0
25946,제기동,잠실6동,127.0378551,37.5831612,127.10065,37.518142,제기동잠실6동,0,0.0,0
25972,하계1동,신당1동,127.0725852,37.6405374,127.0145478,37.5620973,하계1동신당1동,0,0.0,0
26004,제기동,원효로제2동,127.0378551,37.5831612,126.951538,37.53435,제기동원효로제2동,0,0.0,0
26026,신내2동,제기동,127.0942306,37.6061896,127.0378551,37.5831612,신내2동제기동,0,0.0,0
26039,답십리3동,창신제1동,127.0512678,37.5717963,127.016363,37.570758,답십리3동창신제1동,0,0.0,0
26040,공항동,김포본동,126.8101437,37.5588296,126.7057,37.6275987,공항동김포본동,0,0.0,0
26042,신당1동,사당제5동,127.0145478,37.5620973,126.9668658,37.4857521,신당1동사당제5동,0,0.0,0
26090,상도1동,풍납2동,126.953089,37.4981,127.1157686,37.5292584,상도1동풍납2동,0,0.0,0
26110,면목3.8동,길음제1동,127.0880603,37.5829681,127.0193925,37.6104856,면목3.8동길음제1동,0,0.0,0
26154,신월7동,제기동,126.8346571,37.5219343,127.0378551,37.5831612,신월7동제기동,0,0.0,0
26155,제기동,당산제2동,127.0378551,37.5831612,126.8973273,37.5310483,제기동당산제2동,0,0.0,0
26172,월계3동,장기본동,127.0692485,37.6210475,126.6716999,37.6523061,월계3동장기본동,0,0.0,0
26188,반포4동,상도1동,127.0003853,37.4974314,126.953089,37.4981,반포4동상도1동,0,0.0,0
26196,번제2동,신당3동,127.0387953,37.6323588,127.0090022,37.552479,번제2동신당3동,0,0.0,0
26216,상도1동,반포4동,126.953089,37.4981,127.0003853,37.4974314,상도1동반포4동,0,0.0,0
26219,제기동,남영동,127.0378551,37.5831612,126.9748403,37.5457586,제기동남영동,0,0.0,0
26250,을지로동,신당3동,126.9913342,37.5667163,127.0090022,37.552479,을지로동신당3동,0,0.0,0
26254,이태원제2동,신당3동,126.9901481,37.5418962,127.0090022,37.552479,이태원제2동신당3동,0,0.0,0
26280,장안1동,구의제3동,127.066375,37.567842,127.0920204,37.5380706,장안1동구의제3동,0,0.0,0
26286,상도1동,구의제1동,126.953089,37.4981,127.0856756,37.5424917,상도1동구의제1동,0,0.0,0
26319,이문3동,독산제1동,127.065075,37.6033571,126.897041,37.4702453,이문3동독산제1동,0,0.0,0
26325,강일동,면목3.8동,127.173909,37.5649783,127.0880603,37.5829681,강일동면목3.8동,0,0.0,0
26328,황학동,신당1동,127.0212812,37.5673446,127.0145478,37.5620973,황학동신당1동,0,0.0,0
26330,상도1동,쌍문제1동,126.953089,37.4981,127.0261145,37.6480275,상도1동쌍문제1동,0,0.0,0
26331,양재1동,답십리3동,127.026744,37.4716412,127.0512678,37.5717963,양재1동답십리3동,0,0.0,0
26347,쌍문제2동,장안2동,127.0389254,37.6579935,127.0706,37.578483,쌍문제2동장안2동,0,0.0,0
26357,원효로제1동,답십리3동,126.9676811,37.5372185,127.0512678,37.5717963,원효로제1동답십리3동,0,0.0,0
26389,세곡동,신당1동,127.1043555,37.4643683,127.0145478,37.5620973,세곡동신당1동,0,0.0,0
26391,제기동,하계1동,127.0378551,37.5831612,127.0725852,37.6405374,제기동하계1동,0,0.0,0
26395,신당2동,삼각산동,127.0082322,37.5542861,127.0207209,37.6151568,신당2동삼각산동,0,0.0,0
26398,신당3동,역곡1동,127.0090022,37.552479,126.7871105,37.4965961,신당3동역곡1동,0,0.0,0
26409,면목3.8동,하계1동,127.0880603,37.5829681,127.0725852,37.6405374,면목3.8동하계1동,0,0.0,0
26416,면목3.8동,장안제2동,127.0880603,37.5829681,127.0706,37.578483,면목3.8동장안제2동,0,0.0,0
26420,진관동,장안1동,126.9210512,37.634983,127.066375,37.567842,진관동장안1동,0,0.0,0
26427,잠실2동,신당3동,127.088559,37.5119488,127.0090022,37.552479,잠실2동신당3동,0,0.0,0
26441,이문3동,서초4동,127.065075,37.6033571,127.0221589,37.5026685,이문3동서초4동,0,0.0,0
26512,면목제2동,답십리4동,127.07905,37.589799,127.06125,37.567417,면목제2동답십리4동,0,0.0,0
26538,월계3동,답십리3동,127.0692485,37.6210475,127.0512678,37.5717963,월계3동답십리3동,0,0.0,0
26546,이문3동,명동,127.065075,37.6033571,126.98585,37.560042,이문3동명동,0,0.0,0
26556,신당4동,한남동,127.014687,37.557083,127.0005,37.53455,신당4동한남동,0,0.0,0
26568,제기동,청량리동,127.0378551,37.5831612,127.0472767,37.5862586,제기동청량리동,0,0.0,0
26608,왕십리도선동,신당3동,127.0255501,37.5678257,127.0090022,37.552479,왕십리도선동신당3동,0,0.0,0
26611,상도1동,대림제1동,126.953089,37.4981,126.905818,37.4954685,상도1동대림제1동,0,0.0,0
26619,구로제2동,장기본동,126.8834703,37.491377,126.6716999,37.6523061,구로제2동장기본동,0,0.0,0
26637,답십리4동,반포3동,127.06125,37.567417,127.0056289,37.5120925,답십리4동반포3동,0,0.0,0
26643,도곡1동,장안2동,127.0390246,37.488238,127.0706,37.578483,도곡1동장안2동,0,0.0,0
26668,창제2동,답십리4동,127.0356387,37.6414033,127.06125,37.567417,창제2동답십리4동,0,0.0,0
26674,신당6동,한남동,127.0194239,37.5600562,127.0005,37.53455,신당6동한남동,0,0.0,0
26675,장위제1동,제기동,127.0437129,37.6141245,127.0378551,37.5831612,장위제1동제기동,0,0.0,0
26750,상도1동,영종동,126.953089,37.4981,126.5315335,37.4942488,상도1동영종동,0,0.0,0
26803,상도1동,이촌제1동,126.953089,37.4981,126.9732,37.5214167,상도1동이촌제1동,0,0.0,0
26831,신당3동,조안면,127.0090022,37.552479,127.30345,37.5359,신당3동조안면,0,0.0,0
26847,길동,제기동,127.1426791,37.5345598,127.0378551,37.5831612,길동제기동,0,0.0,0
26880,제기동,중계2.3동,127.0378551,37.5831612,127.0687126,37.6421829,제기동중계2.3동,0,0.0,0
26910,답십리4동,면목제2동,127.06125,37.567417,127.07905,37.589799,답십리4동면목제2동,0,0.0,0
26925,장안2동,등촌제3동,127.0706,37.578483,126.847881,37.5589789,장안2동등촌제3동,0,0.0,0
26963,제기동,방학제2동,127.0378551,37.5831612,127.0351005,37.6681842,제기동방학제2동,0,0.0,0
27012,상도1동,군자동,126.953089,37.4981,127.0753494,37.5554853,상도1동군자동,0,0.0,0
27033,명륜3가,개봉제2동,126.9931,37.5875,126.8565584,37.4908359,명륜3가개봉제2동,0,0.0,0
27034,답십리3동,중곡제2동,127.0512678,37.5717963,127.081487,37.560308,답십리3동중곡제2동,0,0.0,0
27050,신당4동,도봉제1동,127.014687,37.557083,127.0434369,37.6786913,신당4동도봉제1동,0,0.0,0
27168,가락2동,답십리3동,127.1266714,37.4987054,127.0512678,37.5717963,가락2동답십리3동,0,0.0,0
27183,전농3동,방학제3동,127.0600375,37.5781027,127.028036,37.6591685,전농3동방학제3동,0,0.0,0
27184,공릉1.3동,이문3동,127.073838,37.624874,127.065075,37.6033571,공릉1.3동이문3동,0,0.0,0
27202,이문3동,전농2동,127.065075,37.6033571,127.0600375,37.5781027,이문3동전농2동,0,0.0,0
27203,후암동,신당3동,126.9781344,37.5486375,127.0090022,37.552479,후암동신당3동,0,0.0,0
27211,신월2동,답십리3동,126.8444512,37.5249763,127.0512678,37.5717963,신월2동답십리3동,0,0.0,0
27213,답십리4동,남영동,127.06125,37.567417,126.9748403,37.5457586,답십리4동남영동,0,0.0,0
27217,중계4동,제기동,127.0780091,37.6587275,127.0378551,37.5831612,중계4동제기동,0,0.0,0
27233,답십리4동,창제2동,127.06125,37.567417,127.0356387,37.6414033,답십리4동창제2동,0,0.0,0
27245,세곡동,제기동,127.1043555,37.4643683,127.0378551,37.5831612,세곡동제기동,0,0.0,0
27270,신당2동,창신제1동,127.0082322,37.5542861,127.016363,37.570758,신당2동창신제1동,0,0.0,0
27273,거여2동,면목3.8동,127.1468764,37.4935803,127.0880603,37.5829681,거여2동면목3.8동,0,0.0,0
27293,장안2동,서초3동,127.0706,37.578483,127.0119725,37.4836682,장안2동서초3동,0,0.0,0
27319,아현동,제기동,126.95215,37.547125,127.0378551,37.5831612,아현동제기동,0,0.0,0
27320,마천2동,답십리3동,127.1485193,37.4968477,127.0512678,37.5717963,마천2동답십리3동,0,0.0,0
27322,안암동,신당1동,127.0213292,37.5858498,127.0145478,37.5620973,안암동신당1동,0,0.0,0
27329,성현동,삼송동,126.9481271,37.4895366,126.8937039,37.6525828,성현동삼송동,0,0.0,0
27391,면목3.8동,도봉제2동,127.0880603,37.5829681,127.046575,37.669751,면목3.8동도봉제2동,0,0.0,0
27413,답십리4동,휘경제2동,127.06125,37.567417,127.0685788,37.5902093,답십리4동휘경제2동,0,0.0,0
27434,면목3.8동,서현1동,127.0880603,37.5829681,127.1260293,37.3829264,면목3.8동서현1동,0,0.0,0
27435,전농3동,성수1가제2동,127.0600375,37.5781027,127.0443325,37.5462991,전농3동성수1가제2동,0,0.0,0
27451,전농3동,송산1동,127.0600375,37.5781027,127.0866851,37.7311817,전농3동송산1동,0,0.0,0
27466,전농3동,영등포본동,127.0600375,37.5781027,126.9093046,37.5146826,전농3동영등포본동,0,0.0,0
27478,한강로동,신당1동,126.9692332,37.5281071,127.0145478,37.5620973,한강로동신당1동,0,0.0,0
27528,신당4동,상봉제2동,127.014687,37.557083,127.0808518,37.592892,신당4동상봉제2동,0,0.0,0
27533,면목3.8동,일원1동,127.0880603,37.5829681,127.0879629,37.491839,면목3.8동일원1동,0,0.0,0
27534,이문3동,종암동,127.065075,37.6033571,127.0351572,37.5990075,이문3동종암동,0,0.0,0
27562,면목3.8동,면목제7동,127.0880603,37.5829681,127.0869854,37.5789945,면목3.8동면목제7동,0,0.0,0
27612,휘경제2동,면목3.8동,127.0685788,37.5902093,127.0880603,37.5829681,휘경제2동면목3.8동,0,0.0,0
27620,장안2동,상3동,127.0706,37.578483,126.7544075,37.5005775,장안2동상3동,0,0.0,0
27622,이문3동,성북동,127.065075,37.6033571,127.0032875,37.5911237,이문3동성북동,0,0.0,0
27626,답십리4동,문정2동,127.06125,37.567417,127.1108107,37.489823,답십리4동문정2동,0,0.0,0
27648,강일동,장안2동,127.173909,37.5649783,127.0706,37.578483,강일동장안2동,0,0.0,0
27691,상도1동,이화동,126.953089,37.4981,127.004338,37.577008,상도1동이화동,0,0.0,0
27720,상도1동,답십리3동,126.953089,37.4981,127.0512678,37.5717963,상도1동답십리3동,0,0.0,0
27726,답십리4동,일원본동,127.06125,37.567417,127.0864633,37.4833484,답십리4동일원본동,0,0.0,0
27742,신원동,상도1동,126.9273519,37.4815883,126.953089,37.4981,신원동상도1동,0,0.0,0
27756,묵제2동,면목3.8동,127.0783313,37.6059528,127.0880603,37.5829681,묵제2동면목3.8동,0,0.0,0
27788,사근동,이문3동,127.0453315,37.5614846,127.065075,37.6033571,사근동이문3동,0,0.0,0
27791,제기동,발산제1동,127.0378551,37.5831612,126.8331686,37.5531209,제기동발산제1동,0,0.0,0
27800,묵제2동,가능동,127.0783313,37.6059528,127.0384877,37.7505409,묵제2동가능동,0,0.0,0
27834,전농3동,중곡제3동,127.0600375,37.5781027,127.0801736,37.5688084,전농3동중곡제3동,0,0.0,0
27843,중곡제3동,전농3동,127.0801736,37.5688084,127.0600375,37.5781027,중곡제3동전농3동,0,0.0,0
27846,둔촌제1동,장안1동,127.1419851,37.5333656,127.066375,37.567842,둔촌제1동장안1동,0,0.0,0
27857,공항동,장기본동,126.8101437,37.5588296,126.6716999,37.6523061,공항동장기본동,0,0.0,0
27870,답십리4동,호평동,127.06125,37.567417,127.2486496,37.6549037,답십리4동호평동,0,0.0,0
27918,대흥동,장안2동,126.9424619,37.5557827,127.0706,37.578483,대흥동장안2동,0,0.0,0
27922,제기동,이화동,127.0378551,37.5831612,127.004338,37.577008,제기동이화동,0,0.0,0
27930,신당1동,석촌동,127.0145478,37.5620973,127.1037,37.503592,신당1동석촌동,0,0.0,0
27962,장안2동,구산동,127.0706,37.578483,126.9103893,37.6117455,장안2동구산동,0,0.0,0
27975,제기동,중림동,127.0378551,37.5831612,126.9644863,37.5548629,제기동중림동,0,0.0,0
27978,면목3.8동,범계동,127.0880603,37.5829681,126.9524664,37.3897742,면목3.8동범계동,0,0.0,0
27989,성현동,장기본동,126.9481271,37.4895366,126.6716999,37.6523061,성현동장기본동,0,0.0,0
28030,제기동,강일동,127.0378551,37.5831612,127.173909,37.5649783,제기동강일동,0,0.0,0
28033,명륜3가,성수1가제1동,126.9931,37.5875,127.04965,37.542108,명륜3가성수1가제1동,0,0.0,0
28044,신월5동,신당3동,126.8271621,37.5386227,127.0090022,37.552479,신월5동신당3동,0,0.0,0
28045,중림동,제기동,126.9644863,37.5548629,127.0378551,37.5831612,중림동제기동,0,0.0,0
28047,수서동,김포본동,127.104929,37.4889181,126.7057,37.6275987,수서동김포본동,0,0.0,0
28063,신내2동,김포본동,127.0942306,37.6061896,126.7057,37.6275987,신내2동김포본동,0,0.0,0
28066,신당4동,신설동,127.014687,37.557083,127.0255251,37.5749343,신당4동신설동,0,0.0,0
28070,신당4동,황학동,127.014687,37.557083,127.0212812,37.5673446,신당4동황학동,0,0.0,0
28089,신당4동,상봉제1동,127.014687,37.557083,127.0872004,37.5998799,신당4동상봉제1동,0,0.0,0
28101,면목3.8동,청량리동,127.0880603,37.5829681,127.0472767,37.5862586,면목3.8동청량리동,0,0.0,0
28102,청량리동,면목3.8동,127.0472767,37.5862586,127.0880603,37.5829681,청량리동면목3.8동,0,0.0,0
28111,이문3동,양지동,127.065075,37.6033571,127.161025,37.454868,이문3동양지동,0,0.0,0
28122,암사제1동,상도1동,127.132663,37.551508,126.953089,37.4981,암사제1동상도1동,0,0.0,0
28131,제기동,신내1동,127.0378551,37.5831612,127.099538,37.605882,제기동신내1동,0,0.0,0
28150,신당2동,상도제4동,127.0082322,37.5542861,126.941422,37.4994203,신당2동상도제4동,0,0.0,0
28169,흑석동,신당6동,126.966612,37.5058617,127.0194239,37.5600562,흑석동신당6동,0,0.0,0
28170,신당3동,덕풍3동,127.0090022,37.552479,127.2047464,37.5525612,신당3동덕풍3동,0,0.0,0
28312,오류제2동,삼송동,126.8395371,37.4888016,126.8937039,37.6525828,오류제2동삼송동,0,0.0,0
28348,전농3동,면목본동,127.0600375,37.5781027,127.0874227,37.5873592,전농3동면목본동,0,0.0,0
28380,사당제5동,신당1동,126.9668658,37.4857521,127.0145478,37.5620973,사당제5동신당1동,0,0.0,0
28389,상도1동,노량진제2동,126.953089,37.4981,126.937352,37.508509,상도1동노량진제2동,0,0.0,0
28406,신설동,답십리4동,127.0255251,37.5749343,127.06125,37.567417,신설동답십리4동,0,0.0,0
28428,장안1동,장위제1동,127.066375,37.567842,127.0437129,37.6141245,장안1동장위제1동,0,0.0,0
28433,이문3동,양평제1동,127.065075,37.6033571,126.888238,37.52365,이문3동양평제1동,0,0.0,0
28439,묵제1동,가능동,127.0784729,37.6123734,127.0384877,37.7505409,묵제1동가능동,0,0.0,0
28444,답십리4동,방배2동,127.06125,37.567417,126.9855106,37.4797439,답십리4동방배2동,0,0.0,0
28453,진관동,장기본동,126.9210512,37.634983,126.6716999,37.6523061,진관동장기본동,0,0.0,0
28481,이문3동,청룡동,127.065075,37.6033571,126.9416518,37.4791304,이문3동청룡동,0,0.0,0
28493,용답동,제기동,127.0555515,37.5640618,127.0378551,37.5831612,용답동제기동,0,0.0,0
28513,면목3.8동,홍은제2동,127.0880603,37.5829681,126.9342509,37.5801972,면목3.8동홍은제2동,0,0.0,0
28523,신당3동,구산동,127.0090022,37.552479,126.9103893,37.6117455,신당3동구산동,0,0.0,0
28525,회기동,제기동,127.0553132,37.5908083,127.0378551,37.5831612,회기동제기동,0,0.0,0
28528,사당제2동,상도1동,126.9792598,37.4887323,126.953089,37.4981,사당제2동상도1동,0,0.0,0
28531,일원1동,제기동,127.0879629,37.491839,127.0378551,37.5831612,일원1동제기동,0,0.0,0
28547,종암동,제기동,127.0351572,37.5990075,127.0378551,37.5831612,종암동제기동,0,0.0,0
28572,신당1동,왕십리도선동,127.0145478,37.5620973,127.0255501,37.5678257,신당1동왕십리도선동,0,0.0,0
28588,마장동,답십리4동,127.045388,37.566325,127.06125,37.567417,마장동답십리4동,0,0.0,0
28611,신촌동,김포본동,126.9418114,37.5640923,126.7057,37.6275987,신촌동김포본동,0,0.0,0
28633,삼성동,신당2동,127.062532,37.5144424,127.0082322,37.5542861,삼성동신당2동,0,0.0,0
28648,하계1동,장기본동,127.0725852,37.6405374,126.6716999,37.6523061,하계1동장기본동,0,0.0,0
28661,신길제4동,상도1동,126.9112884,37.5084555,126.953089,37.4981,신길제4동상도1동,0,0.0,0
28692,등촌제2동,삼송동,126.8625,37.542658,126.8937039,37.6525828,등촌제2동삼송동,0,0.0,0
28699,논현1동,답십리4동,127.028461,37.5115706,127.06125,37.567417,논현1동답십리4동,0,0.0,0
28707,발산제1동,김포본동,126.8331686,37.5531209,126.7057,37.6275987,발산제1동김포본동,0,0.0,0
28710,신당6동,소사본1동,127.0194239,37.5600562,126.79993,37.4800723,신당6동소사본1동,0,0.0,0
28721,난곡동,상도1동,126.9216507,37.4709634,126.953089,37.4981,난곡동상도1동,0,0.0,0
28729,창제3동,답십리4동,127.0429556,37.6381278,127.06125,37.567417,창제3동답십리4동,0,0.0,0
28744,면목3.8동,서초1동,127.0880603,37.5829681,127.0195082,37.4901186,면목3.8동서초1동,0,0.0,0
28752,상도1동,주엽2동,126.953089,37.4981,126.7604919,37.6741199,상도1동주엽2동,0,0.0,0
28754,가양제1동,답십리3동,126.8447099,37.5695239,127.0512678,37.5717963,가양제1동답십리3동,0,0.0,0
28761,장안1동,발산제1동,127.066375,37.567842,126.8331686,37.5531209,장안1동발산제1동,0,0.0,0
28767,면목3.8동,춘의동,127.0880603,37.5829681,126.7858889,37.5027214,면목3.8동춘의동,0,0.0,0
28782,녹번동,신당1동,126.9298245,37.6021944,127.0145478,37.5620973,녹번동신당1동,0,0.0,0
28787,장안1동,번제1동,127.066375,37.567842,127.0288473,37.6378913,장안1동번제1동,0,0.0,0
28791,제기동,종암동,127.0378551,37.5831612,127.0351572,37.5990075,제기동종암동,0,0.0,0
28801,명동,상도1동,126.98585,37.560042,126.953089,37.4981,명동상도1동,0,0.0,0
28809,면목3.8동,면목제5동,127.0880603,37.5829681,127.079511,37.5857842,면목3.8동면목제5동,0,0.0,0
28816,이촌제1동,상도1동,126.9732,37.5214167,126.953089,37.4981,이촌제1동상도1동,0,0.0,0
28825,반포1동,상도1동,127.0135073,37.5050895,126.953089,37.4981,반포1동상도1동,0,0.0,0
28830,발산제1동,제기동,126.8331686,37.5531209,127.0378551,37.5831612,발산제1동제기동,0,0.0,0
28837,방화제2동,김포본동,126.8067549,37.5666997,126.7057,37.6275987,방화제2동김포본동,0,0.0,0
28846,신당6동,사직동,127.0194239,37.5600562,126.9688397,37.576196,신당6동사직동,0,0.0,0
28850,상도1동,가락본동,126.953089,37.4981,127.1217864,37.4955568,상도1동가락본동,0,0.0,0
28852,신당6동,문정2동,127.0194239,37.5600562,127.1108107,37.489823,신당6동문정2동,0,0.0,0
28855,화곡본동,면목3.8동,126.847725,37.544075,127.0880603,37.5829681,화곡본동면목3.8동,0,0.0,0
28903,전농3동,양평제2동,127.0600375,37.5781027,126.8939535,37.5364739,전농3동양평제2동,0,0.0,0
28906,대치2동,제기동,127.0642072,37.5022848,127.0378551,37.5831612,대치2동제기동,0,0.0,0
28907,천호제2동,답십리4동,127.1254351,37.5435257,127.06125,37.567417,천호제2동답십리4동,0,0.0,0
28942,상도1동,이촌제2동,126.953089,37.4981,126.9547071,37.5262575,상도1동이촌제2동,0,0.0,0
28984,전농3동,구로제5동,127.0600375,37.5781027,126.8892945,37.5001593,전농3동구로제5동,0,0.0,0
29007,면목3.8동,방학제2동,127.0880603,37.5829681,127.0351005,37.6681842,면목3.8동방학제2동,0,0.0,0
29011,중계4동,장기본동,127.0780091,37.6587275,126.6716999,37.6523061,중계4동장기본동,0,0.0,0
29026,면목3.8동,진접읍,127.0880603,37.5829681,127.1895841,37.7259104,면목3.8동진접읍,0,0.0,0
29063,신당3동,공항동,127.0090022,37.552479,126.8101437,37.5588296,신당3동공항동,0,0.0,0
29083,신당4동,용두동,127.014687,37.557083,127.0372011,37.5758884,신당4동용두동,0,0.0,0
29145,중계2.3동,신당3동,127.0687126,37.6421829,127.0090022,37.552479,중계2.3동신당3동,0,0.0,0
29151,대방동,상도1동,126.92635,37.508133,126.953089,37.4981,대방동상도1동,0,0.0,0
29170,이문3동,상봉제2동,127.065075,37.6033571,127.0808518,37.592892,이문3동상봉제2동,0,0.0,0
29182,상도1동,망원제1동,126.953089,37.4981,126.9055969,37.5556222,상도1동망원제1동,0,0.0,0
29186,신정7동,면목3.8동,126.8597007,37.514393,127.0880603,37.5829681,신정7동면목3.8동,0,0.0,0
29216,신당4동,옥수동,127.014687,37.557083,127.0134622,37.5436386,신당4동옥수동,0,0.0,0
29317,한강로동,장기본동,126.9692332,37.5281071,126.6716999,37.6523061,한강로동장기본동,0,0.0,0
29324,홍은제2동,상도1동,126.9342509,37.5801972,126.953089,37.4981,홍은제2동상도1동,0,0.0,0
29375,면목3.8동,역곡2동,127.0880603,37.5829681,126.7871105,37.4965961,면목3.8동역곡2동,0,0.0,0
29382,면목제4동,장안1동,127.0855775,37.5746736,127.066375,37.567842,면목제4동장안1동,0,0.0,0
29392,하계1동,신당4동,127.0725852,37.6405374,127.014687,37.557083,하계1동신당4동,0,0.0,0
29394,천호제2동,면목3.8동,127.1254351,37.5435257,127.0880603,37.5829681,천호제2동면목3.8동,0,0.0,0
29396,면목3.8동,풍산동,127.0880603,37.5829681,126.7999452,37.6641075,면목3.8동풍산동,0,0.0,0
29411,암사제1동,이문3동,127.132663,37.551508,127.065075,37.6033571,암사제1동이문3동,0,0.0,0
29412,전농3동,중계1동,127.0600375,37.5781027,127.0775275,37.6525986,전농3동중계1동,0,0.0,0
29452,신당3동,별내면,127.0090022,37.552479,127.1247248,37.7025595,신당3동별내면,0,0.0,0
29518,신당4동,묵제1동,127.014687,37.557083,127.0784729,37.6123734,신당4동묵제1동,0,0.0,0
29529,제기동,송내1동,127.0378551,37.5831612,126.7789446,37.4824389,제기동송내1동,0,0.0,0
29532,전농3동,삼성2동,127.0600375,37.5781027,127.04595,37.5112,전농3동삼성2동,0,0.0,0
29559,창제3동,신당2동,127.0429556,37.6381278,127.0082322,37.5542861,창제3동신당2동,0,0.0,0
29602,청파동,상도1동,126.9674,37.5488,126.953089,37.4981,청파동상도1동,0,0.0,0
29625,화양동,장안1동,127.0713152,37.5465421,127.066375,37.567842,화양동장안1동,0,0.0,0
29631,행당제2동,답십리4동,127.02935,37.558208,127.06125,37.567417,행당제2동답십리4동,0,0.0,0
29644,이문3동,명일제1동,127.065075,37.6033571,127.1443656,37.5512453,이문3동명일제1동,0,0.0,0
29656,제기동,송내1동,127.0378551,37.5831612,126.7789446,37.4824389,제기동송내1동,0,0.0,0
29683,제기동,중계4동,127.0378551,37.5831612,127.0780091,37.6587275,제기동중계4동,0,0.0,0
29706,전농3동,제기동,127.0600375,37.5781027,127.0378551,37.5831612,전농3동제기동,0,0.0,0
29707,전농3동,신설동,127.0600375,37.5781027,127.0255251,37.5749343,전농3동신설동,0,0.0,0
29712,상도1동,거여2동,126.953089,37.4981,127.1468764,37.4935803,상도1동거여2동,0,0.0,0
29713,거여2동,상도1동,127.1468764,37.4935803,126.953089,37.4981,거여2동상도1동,0,0.0,0
29718,답십리4동,능동,127.06125,37.567417,127.0804994,37.5537803,답십리4동능동,0,0.0,0
29735,전농3동,방화제3동,127.0600375,37.5781027,126.8135628,37.5787386,전농3동방화제3동,0,0.0,0
29741,상도1동,청파동,126.953089,37.4981,126.9674,37.5488,상도1동청파동,0,0.0,0
29772,면목3.8동,여의동,127.0880603,37.5829681,126.934584,37.5177232,면목3.8동여의동,0,0.0,0
29826,제기동,면목제4동,127.0378551,37.5831612,127.0855775,37.5746736,제기동면목제4동,0,0.0,0
29844,장안2동,면목본동,127.0706,37.578483,127.0874227,37.5873592,장안2동면목본동,0,0.0,0
29873,휘경제2동,전농3동,127.0685788,37.5902093,127.0600375,37.5781027,휘경제2동전농3동,0,0.0,0
29916,공릉2동,면목3.8동,127.083488,37.621332,127.0880603,37.5829681,공릉2동면목3.8동,0,0.0,0
29920,전농3동,면목제7동,127.0600375,37.5781027,127.0869854,37.5789945,전농3동면목제7동,0,0.0,0
29927,면목3.8동,공릉2동,127.0880603,37.5829681,127.083488,37.621332,면목3.8동공릉2동,0,0.0,0
29931,답십리4동,길동,127.06125,37.567417,127.1426791,37.5345598,답십리4동길동,0,0.0,0
29942,답십리4동,대화동,127.06125,37.567417,126.7551772,37.6829774,답십리4동대화동,0,0.0,0
29957,면목3.8동,구미1동,127.0880603,37.5829681,127.111763,37.349365,면목3.8동구미1동,0,0.0,0
29962,전농3동,신내1동,127.0600375,37.5781027,127.099538,37.605882,전농3동신내1동,0,0.0,0
29998,신당1동,구의제1동,127.0145478,37.5620973,127.0856756,37.5424917,신당1동구의제1동,0,0.0,0
30026,숭인제1동,신당1동,127.0156274,37.5778049,127.0145478,37.5620973,숭인제1동신당1동,0,0.0,0
30059,문정2동,신당1동,127.1108107,37.489823,127.0145478,37.5620973,문정2동신당1동,0,0.0,0
30075,제기동,삼선동,127.0378551,37.5831612,127.0146297,37.5908326,제기동삼선동,0,0.0,0
30123,중곡제3동,삼송동,127.0801736,37.5688084,126.8937039,37.6525828,중곡제3동삼송동,0,0.0,0
30129,삼성2동,제기동,127.04595,37.5112,127.0378551,37.5831612,삼성2동제기동,0,0.0,0
30137,가양제3동,김포본동,126.8605955,37.561092,126.7057,37.6275987,가양제3동김포본동,0,0.0,0
30145,신당2동,일원본동,127.0082322,37.5542861,127.0864633,37.4833484,신당2동일원본동,0,0.0,0
30150,이문3동,관양2동,127.065075,37.6033571,126.9710143,37.4022817,이문3동관양2동,0,0.0,0
30162,면목3.8동,수진2동,127.0880603,37.5829681,127.1286888,37.4372522,면목3.8동수진2동,0,0.0,0
30216,면목3.8동,상계6.7동,127.0880603,37.5829681,127.0669541,37.654882,면목3.8동상계6.7동,0,0.0,0
30230,석촌동,신당1동,127.1037,37.503592,127.0145478,37.5620973,석촌동신당1동,0,0.0,0
30249,제기동,일원본동,127.0378551,37.5831612,127.0864633,37.4833484,제기동일원본동,0,0.0,0
30253,명동,제기동,126.98585,37.560042,127.0378551,37.5831612,명동제기동,0,0.0,0
30263,월계1동,제기동,127.0630165,37.6199197,127.0378551,37.5831612,월계1동제기동,0,0.0,0
30266,고척제2동,명륜3가,126.8587122,37.5067055,126.9931,37.5875,고척제2동명륜3가,0,0.0,0
30267,일원본동,제기동,127.0864633,37.4833484,127.0378551,37.5831612,일원본동제기동,0,0.0,0
30326,상도1동,면목제4동,126.953089,37.4981,127.0855775,37.5746736,상도1동면목제4동,0,0.0,0
30361,신당4동,자금동,127.014687,37.557083,127.0582251,37.7502752,신당4동자금동,0,0.0,0
30404,면목3.8동,행당제2동,127.0880603,37.5829681,127.02935,37.558208,면목3.8동행당제2동,0,0.0,0
30474,시흥제1동,상도1동,126.9032625,37.4535411,126.953089,37.4981,시흥제1동상도1동,0,0.0,0
30479,신당1동,천호제1동,127.0145478,37.5620973,127.1368066,37.5450159,신당1동천호제1동,0,0.0,0
30481,장안2동,안암동,127.0706,37.578483,127.0213292,37.5858498,장안2동안암동,0,0.0,0
30484,신정6동,상도1동,126.8644471,37.5170414,126.953089,37.4981,신정6동상도1동,0,0.0,0
30493,장안1동,역곡1동,127.066375,37.567842,126.7871105,37.4965961,장안1동역곡1동,0,0.0,0
30499,능동,답십리4동,127.0804994,37.5537803,127.06125,37.567417,능동답십리4동,0,0.0,0
30521,화곡제6동,제기동,126.8501301,37.5518173,127.0378551,37.5831612,화곡제6동제기동,0,0.0,0
30547,면목3.8동,서초4동,127.0880603,37.5829681,127.0221589,37.5026685,면목3.8동서초4동,0,0.0,0
30552,신당3동,거여1동,127.0090022,37.552479,127.1432324,37.4969643,신당3동거여1동,0,0.0,0
30555,면목3.8동,심곡2동,127.0880603,37.5829681,126.7870845,37.4873092,면목3.8동심곡2동,0,0.0,0
30594,신설동,이문3동,127.0255251,37.5749343,127.065075,37.6033571,신설동이문3동,0,0.0,0
30613,이문3동,영등포동,127.065075,37.6033571,126.9106918,37.5203985,이문3동영등포동,0,0.0,0
30620,답십리4동,중계2.3동,127.06125,37.567417,127.0687126,37.6421829,답십리4동중계2.3동,0,0.0,0
30640,답십리4동,심곡본동,127.06125,37.567417,126.7800433,37.4807394,답십리4동심곡본동,0,0.0,0
30650,진관동,신당4동,126.9210512,37.634983,127.014687,37.557083,진관동신당4동,0,0.0,0
30699,제기동,둔촌제2동,127.0378551,37.5831612,127.1419221,37.5332885,제기동둔촌제2동,0,0.0,0
30719,장안2동,용두동,127.0706,37.578483,127.0372011,37.5758884,장안2동용두동,0,0.0,0
30722,신당4동,전농2동,127.014687,37.557083,127.0600375,37.5781027,신당4동전농2동,0,0.0,0
30735,용두동,장안2동,127.0372011,37.5758884,127.0706,37.578483,용두동장안2동,0,0.0,0
30772,장안2동,이문3동,127.0706,37.578483,127.065075,37.6033571,장안2동이문3동,0,0.0,0
30790,신대방제1동,상도1동,126.91005,37.488943,126.953089,37.4981,신대방제1동상도1동,0,0.0,0
30811,불광제1동,신당1동,126.9320747,37.6103876,127.0145478,37.5620973,불광제1동신당1동,0,0.0,0
30855,신당4동,조안면,127.014687,37.557083,127.30345,37.5359,신당4동조안면,0,0.0,0
30857,일원2동,김포본동,127.0737224,37.4922048,126.7057,37.6275987,일원2동김포본동,0,0.0,0
30866,종로1.2.3.4가동,제기동,126.9902618,37.574461,127.0378551,37.5831612,종로1.2.3.4가동제기동,0,0.0,0
30869,행운동,제기동,126.9570456,37.4806541,127.0378551,37.5831612,행운동제기동,0,0.0,0
30880,이문3동,이매1동,127.065075,37.6033571,127.127146,37.3995239,이문3동이매1동,0,0.0,0
30897,남현동,답십리3동,126.9778366,37.4745394,127.0512678,37.5717963,남현동답십리3동,0,0.0,0
30921,이문3동,한남동,127.065075,37.6033571,127.0005,37.53455,이문3동한남동,0,0.0,0
30933,신림동,신당4동,126.927075,37.487426,127.014687,37.557083,신림동신당4동,0,0.0,0
30944,장안2동,별내면,127.0706,37.578483,127.1247248,37.7025595,장안2동별내면,0,0.0,0
30945,정릉제4동,전농3동,127.0069798,37.6133387,127.0600375,37.5781027,정릉제4동전농3동,0,0.0,0
30947,군자동,면목3.8동,127.0753494,37.5554853,127.0880603,37.5829681,군자동면목3.8동,0,0.0,0
30968,회현동,상도1동,126.9793216,37.5572864,126.953089,37.4981,회현동상도1동,0,0.0,0
30971,신당3동,양촌면,127.0090022,37.552479,126.6254268,37.6572063,신당3동양촌면,0,0.0,0
30983,장안2동,왕십리도선동,127.0706,37.578483,127.0255501,37.5678257,장안2동왕십리도선동,0,0.0,0
31048,신내1동,상도1동,127.099538,37.605882,126.953089,37.4981,신내1동상도1동,0,0.0,0
31050,상도1동,양촌면,126.953089,37.4981,126.6254268,37.6572063,상도1동양촌면,0,0.0,0
31055,상도1동,회현동,126.953089,37.4981,126.9793216,37.5572864,상도1동회현동,0,0.0,0
31104,천호제1동,답십리4동,127.1368066,37.5450159,127.06125,37.567417,천호제1동답십리4동,0,0.0,0
31127,장안2동,송산2동,127.0706,37.578483,127.0899922,37.7397109,장안2동송산2동,0,0.0,0
31140,송산2동,장안2동,127.0899922,37.7397109,127.0706,37.578483,송산2동장안2동,0,0.0,0
31144,제기동,당산제1동,127.0378551,37.5831612,126.897443,37.5249643,제기동당산제1동,0,0.0,0
31151,제기동,월곡제2동,127.0378551,37.5831612,127.0478758,37.6057667,제기동월곡제2동,0,0.0,0
31169,이문3동,정자3동,127.065075,37.6033571,127.1195385,37.3607965,이문3동정자3동,0,0.0,0
31171,등촌제3동,신당1동,126.847881,37.5589789,127.0145478,37.5620973,등촌제3동신당1동,0,0.0,0
31174,내곡동,답십리3동,127.0583103,37.4493583,127.0512678,37.5717963,내곡동답십리3동,0,0.0,0
31177,도봉제1동,신당3동,127.0434369,37.6786913,127.0090022,37.552479,도봉제1동신당3동,0,0.0,0
31180,목3동,답십리4동,126.8644431,37.5448009,127.06125,37.567417,목3동답십리4동,0,0.0,0
31218,상계8동,신당3동,127.0515874,37.6667854,127.0090022,37.552479,상계8동신당3동,0,0.0,0
31237,상도1동,원효로제1동,126.953089,37.4981,126.9676811,37.5372185,상도1동원효로제1동,0,0.0,0
31244,회기동,면목3.8동,127.0553132,37.5908083,127.0880603,37.5829681,회기동면목3.8동,0,0.0,0
31254,답십리3동,용두동,127.0512678,37.5717963,127.0372011,37.5758884,답십리3동용두동,0,0.0,0
31287,상도1동,사근동,126.953089,37.4981,127.0453315,37.5614846,상도1동사근동,0,0.0,0
31289,천호제3동,면목3.8동,127.1332269,37.5361455,127.0880603,37.5829681,천호제3동면목3.8동,0,0.0,0
31292,성산제1동,제기동,126.90785,37.5634083,127.0378551,37.5831612,성산제1동제기동,0,0.0,0
31361,제기동,등촌제3동,127.0378551,37.5831612,126.847881,37.5589789,제기동등촌제3동,0,0.0,0
31371,장안2동,수서동,127.0706,37.578483,127.104929,37.4889181,장안2동수서동,0,0.0,0
31372,창제5동,면목3.8동,127.0436793,37.6563436,127.0880603,37.5829681,창제5동면목3.8동,0,0.0,0
31405,신당6동,왕십리도선동,127.0194239,37.5600562,127.0255501,37.5678257,신당6동왕십리도선동,0,0.0,0
31428,이문3동,서초2동,127.065075,37.6033571,127.02496,37.49208,이문3동서초2동,0,0.0,0
31470,창신제2동,장안1동,127.010863,37.574458,127.066375,37.567842,창신제2동장안1동,0,0.0,0
31475,종로1.2.3.4가동,신당6동,126.9902618,37.574461,127.0194239,37.5600562,종로1.2.3.4가동신당6동,0,0.0,0
31492,제기동,성산제2동,127.0378551,37.5831612,126.9090061,37.568618,제기동성산제2동,0,0.0,0
31551,상도1동,가양제1동,126.953089,37.4981,126.8447099,37.5695239,상도1동가양제1동,0,0.0,0
31619,상도1동,중곡제1동,126.953089,37.4981,127.080038,37.560675,상도1동중곡제1동,0,0.0,0
31630,정릉제2동,면목3.8동,127.0111047,37.6044729,127.0880603,37.5829681,정릉제2동면목3.8동,0,0.0,0
31633,하계2동,장안2동,127.0679733,37.6320048,127.0706,37.578483,하계2동장안2동,0,0.0,0
31699,신당4동,신림동,127.014687,37.557083,126.927075,37.487426,신당4동신림동,0,0.0,0
31705,이문3동,진관동,127.065075,37.6033571,126.9210512,37.634983,이문3동진관동,0,0.0,0
31719,신당2동,광희동,127.0082322,37.5542861,127.0050623,37.564494,신당2동광희동,0,0.0,0
31750,면목3.8동,회천4동,127.0880603,37.5829681,127.0902153,37.8371663,면목3.8동회천4동,0,0.0,0
31789,신당3동,능동,127.0090022,37.552479,127.0804994,37.5537803,신당3동능동,0,0.0,0
31829,이문3동,장위제2동,127.065075,37.6033571,127.0545206,37.6123899,이문3동장위제2동,0,0.0,0
31833,방이1동,신당1동,127.123925,37.510933,127.0145478,37.5620973,방이1동신당1동,0,0.0,0
31845,면목3.8동,내곡동,127.0880603,37.5829681,127.0583103,37.4493583,면목3.8동내곡동,0,0.0,0
31859,월계3동,제기동,127.0692485,37.6210475,127.0378551,37.5831612,월계3동제기동,0,0.0,0
31878,구의제1동,상도1동,127.0856756,37.5424917,126.953089,37.4981,구의제1동상도1동,0,0.0,0
31890,상계6.7동,면목3.8동,127.0669541,37.654882,127.0880603,37.5829681,상계6.7동면목3.8동,0,0.0,0
31891,상도1동,풍무동,126.953089,37.4981,126.7220389,37.6022192,상도1동풍무동,0,0.0,0
31912,전농3동,난곡동,127.0600375,37.5781027,126.9216507,37.4709634,전농3동난곡동,0,0.0,0
31918,이문3동,회현동,127.065075,37.6033571,126.9793216,37.5572864,이문3동회현동,0,0.0,0
31920,장안1동,공항동,127.066375,37.567842,126.8101437,37.5588296,장안1동공항동,0,0.0,0
31928,신내2동,전농3동,127.0942306,37.6061896,127.0600375,37.5781027,신내2동전농3동,0,0.0,0
31935,장안2동,풍납2동,127.0706,37.578483,127.1157686,37.5292584,장안2동풍납2동,0,0.0,0
31943,풍납2동,장안2동,127.1157686,37.5292584,127.0706,37.578483,풍납2동장안2동,0,0.0,0
31953,하계2동,면목3.8동,127.0679733,37.6320048,127.0880603,37.5829681,하계2동면목3.8동,0,0.0,0
31968,도화동,상도1동,126.9498798,37.5415123,126.953089,37.4981,도화동상도1동,0,0.0,0
32067,신당4동,보문동,127.014687,37.557083,127.0228,37.580383,신당4동보문동,0,0.0,0
32077,상도1동,풍산동,126.953089,37.4981,126.7999452,37.6641075,상도1동풍산동,0,0.0,0
32086,전농3동,문정2동,127.0600375,37.5781027,127.1108107,37.489823,전농3동문정2동,0,0.0,0
32097,전농3동,신길제1동,127.0600375,37.5781027,126.9214285,37.5112667,전농3동신길제1동,0,0.0,0
32126,서초3동,전농3동,127.0119725,37.4836682,127.0600375,37.5781027,서초3동전농3동,0,0.0,0
32132,신당4동,안암동,127.014687,37.557083,127.0213292,37.5858498,신당4동안암동,0,0.0,0
32148,면목제5동,면목3.8동,127.079511,37.5857842,127.0880603,37.5829681,면목제5동면목3.8동,0,0.0,0
32234,천호제3동,제기동,127.1332269,37.5361455,127.0378551,37.5831612,천호제3동제기동,0,0.0,0
32251,미아동,신당3동,127.0269791,37.6270736,127.0090022,37.552479,미아동신당3동,0,0.0,0
32262,이문3동,휘경제1동,127.065075,37.6033571,127.065725,37.592932,이문3동휘경제1동,0,0.0,0
32264,상도제4동,신당1동,126.941422,37.4994203,127.0145478,37.5620973,상도제4동신당1동,0,0.0,0
32266,답십리4동,가산동,127.06125,37.567417,126.8917326,37.4769094,답십리4동가산동,0,0.0,0
32285,답십리4동,양재2동,127.06125,37.567417,127.041188,37.470601,답십리4동양재2동,0,0.0,0
32310,제기동,오륜동,127.0378551,37.5831612,127.1343,37.515425,제기동오륜동,0,0.0,0
32334,신당6동,반포4동,127.0194239,37.5600562,127.0003853,37.4974314,신당6동반포4동,0,0.0,0
32363,전농3동,장안1동,127.0600375,37.5781027,127.066375,37.567842,전농3동장안1동,0,0.0,0
32369,답십리제2동,면목3.8동,127.06125,37.567417,127.0880603,37.5829681,답십리제2동면목3.8동,0,0.0,0
32372,방학제1동,김포본동,127.0407251,37.6641763,126.7057,37.6275987,방학제1동김포본동,0,0.0,0
32385,면목3.8동,답십리제2동,127.0880603,37.5829681,127.06125,37.567417,면목3.8동답십리제2동,0,0.0,0
32400,역삼1동,전농3동,127.0333574,37.4954841,127.0600375,37.5781027,역삼1동전농3동,0,0.0,0
32404,제기동,교남동,127.0378551,37.5831612,126.9619364,37.5719391,제기동교남동,0,0.0,0
32409,면목3.8동,행당제1동,127.0880603,37.5829681,127.036188,37.558567,면목3.8동행당제1동,0,0.0,0
32414,영등포동,김포본동,126.9106918,37.5203985,126.7057,37.6275987,영등포동김포본동,0,0.0,0
32420,제기동,풍무동,127.0378551,37.5831612,126.7220389,37.6022192,제기동풍무동,0,0.0,0
32428,신대방제2동,신당6동,126.9244085,37.4984422,127.0194239,37.5600562,신대방제2동신당6동,0,0.0,0
32456,면목3.8동,성수1가제1동,127.0880603,37.5829681,127.04965,37.542108,면목3.8동성수1가제1동,0,0.0,0
32471,송중동,김포본동,127.033738,37.616099,126.7057,37.6275987,송중동김포본동,0,0.0,0
