startpos1,예정시간_년월,startpos1
강남구,201801,398
강남구,201802,325
강남구,201803,342
강남구,201804,316
강남구,201805,332
강남구,201806,302
강남구,201807,359
강남구,201808,380
강남구,201809,374
강남구,201810,363
강남구,201811,362
강남구,201812,331
강남구,201901,362
강남구,201902,349
강남구,201903,318
강남구,201904,280
강남구,201905,300
강남구,201906,288
강남구,201907,334
강남구,201908,374
강남구,201909,365
강남구,201910,381
강남구,201911,370
강남구,201912,414
강남구,202001,391
강남구,202002,399
강남구,202003,350
강남구,202004,326
강남구,202005,400
강남구,202006,413
강남구,202007,391
강남구,202008,393
강남구,202009,341
강남구,202010,367
강남구,202011,338
강남구,202012,359
강남구,202101,377
강남구,202102,346
강남구,202103,325
강남구,202104,375
강남구,202105,376
강남구,202106,385
강남구,202107,424
강남구,202108,414
강남구,202109,359
강남구,202110,385
강남구,202111,338
강남구,202112,417
강남구,202201,408
강남구,202202,357
강남구,202203,397
강남구,202204,380
강남구,202205,410
강남구,202206,331
강동구,201801,235
강동구,201802,229
강동구,201803,244
강동구,201804,224
강동구,201805,255
강동구,201806,278
강동구,201807,254
강동구,201808,283
강동구,201809,290
강동구,201810,291
강동구,201811,261
강동구,201812,275
강동구,201901,347
강동구,201902,273
강동구,201903,274
강동구,201904,211
강동구,201905,225
강동구,201906,238
강동구,201907,223
강동구,201908,268
강동구,201909,266
강동구,201910,316
강동구,201911,261
강동구,201912,279
강동구,202001,323
강동구,202002,309
강동구,202003,341
강동구,202004,345
강동구,202005,340
강동구,202006,346
강동구,202007,331
강동구,202008,333
강동구,202009,305
강동구,202010,312
강동구,202011,353
강동구,202012,293
강동구,202101,350
강동구,202102,284
강동구,202103,278
강동구,202104,314
강동구,202105,358
강동구,202106,316
강동구,202107,344
강동구,202108,362
강동구,202109,296
강동구,202110,300
강동구,202111,284
강동구,202112,282
강동구,202201,326
강동구,202202,318
강동구,202203,397
강동구,202204,258
강동구,202205,293
강동구,202206,261
강북구,201801,285
강북구,201802,260
강북구,201803,283
강북구,201804,279
강북구,201805,289
강북구,201806,281
강북구,201807,284
강북구,201808,308
강북구,201809,276
강북구,201810,336
강북구,201811,320
강북구,201812,347
강북구,201901,302
강북구,201902,266
강북구,201903,337
강북구,201904,269
강북구,201905,284
강북구,201906,284
강북구,201907,303
강북구,201908,314
강북구,201909,281
강북구,201910,337
강북구,201911,307
강북구,201912,305
강북구,202001,360
강북구,202002,319
강북구,202003,329
강북구,202004,308
강북구,202005,355
강북구,202006,311
강북구,202007,318
강북구,202008,322
강북구,202009,314
강북구,202010,349
강북구,202011,364
강북구,202012,381
강북구,202101,376
강북구,202102,342
강북구,202103,368
강북구,202104,362
강북구,202105,421
강북구,202106,366
강북구,202107,359
강북구,202108,341
강북구,202109,377
강북구,202110,378
강북구,202111,367
강북구,202112,398
강북구,202201,376
강북구,202202,335
강북구,202203,411
강북구,202204,392
강북구,202205,389
강북구,202206,292
강서구,201801,696
강서구,201802,620
강서구,201803,673
강서구,201804,717
강서구,201805,678
강서구,201806,650
강서구,201807,708
강서구,201808,722
강서구,201809,697
강서구,201810,677
강서구,201811,650
강서구,201812,673
강서구,201901,641
강서구,201902,652
강서구,201903,779
강서구,201904,769
강서구,201905,752
강서구,201906,698
강서구,201907,691
강서구,201908,661
강서구,201909,605
강서구,201910,635
강서구,201911,633
강서구,201912,634
강서구,202001,633
강서구,202002,682
강서구,202003,676
강서구,202004,635
강서구,202005,686
강서구,202006,639
강서구,202007,672
강서구,202008,653
강서구,202009,641
강서구,202010,708
강서구,202011,654
강서구,202012,678
강서구,202101,669
강서구,202102,671
강서구,202103,773
강서구,202104,717
강서구,202105,729
강서구,202106,720
강서구,202107,689
강서구,202108,675
강서구,202109,660
강서구,202110,747
강서구,202111,759
강서구,202112,793
강서구,202201,815
강서구,202202,749
강서구,202203,826
강서구,202204,845
강서구,202205,787
강서구,202206,639
과천시,201807,2
과천시,201808,2
과천시,202101,1
과천시,202108,1
관악구,201801,403
관악구,201802,355
관악구,201803,461
관악구,201804,417
관악구,201805,437
관악구,201806,423
관악구,201807,447
관악구,201808,373
관악구,201809,398
관악구,201810,435
관악구,201811,412
관악구,201812,385
관악구,201901,427
관악구,201902,322
관악구,201903,352
관악구,201904,415
관악구,201905,405
관악구,201906,397
관악구,201907,427
관악구,201908,462
관악구,201909,386
관악구,201910,376
관악구,201911,397
관악구,201912,381
관악구,202001,369
관악구,202002,316
관악구,202003,334
관악구,202004,327
관악구,202005,318
관악구,202006,282
관악구,202007,299
관악구,202008,317
관악구,202009,342
관악구,202010,369
관악구,202011,397
관악구,202012,371
관악구,202101,347
관악구,202102,289
관악구,202103,367
관악구,202104,356
관악구,202105,351
관악구,202106,346
관악구,202107,316
관악구,202108,320
관악구,202109,350
관악구,202110,332
관악구,202111,320
관악구,202112,303
관악구,202201,314
관악구,202202,270
관악구,202203,266
관악구,202204,260
관악구,202205,300
관악구,202206,227
광명시,201801,10
광명시,201802,9
광명시,201803,12
광명시,201804,4
광명시,201805,3
광명시,201806,2
광명시,201807,1
광명시,201808,2
광명시,201809,1
광명시,201810,4
광명시,201811,2
광명시,201901,1
광명시,201905,1
광명시,201908,1
광명시,202007,1
광명시,202010,1
광명시,202101,1
광명시,202105,2
광명시,202106,1
광명시,202107,1
광명시,202108,1
광명시,202201,1
광진구,201801,128
광진구,201802,133
광진구,201803,132
광진구,201804,120
광진구,201805,184
광진구,201806,164
광진구,201807,165
광진구,201808,139
광진구,201809,113
광진구,201810,132
광진구,201811,110
광진구,201812,127
광진구,201901,134
광진구,201902,104
광진구,201903,108
광진구,201904,87
광진구,201905,104
광진구,201906,116
광진구,201907,116
광진구,201908,100
광진구,201909,92
광진구,201910,130
광진구,201911,104
광진구,201912,99
광진구,202001,107
광진구,202002,80
광진구,202003,125
광진구,202004,91
광진구,202005,110
광진구,202006,149
광진구,202007,146
광진구,202008,96
광진구,202009,94
광진구,202010,92
광진구,202011,90
광진구,202012,113
광진구,202101,103
광진구,202102,86
광진구,202103,111
광진구,202104,108
광진구,202105,146
광진구,202106,144
광진구,202107,152
광진구,202108,184
광진구,202109,161
광진구,202110,173
광진구,202111,147
광진구,202112,138
광진구,202201,100
광진구,202202,107
광진구,202203,142
광진구,202204,105
광진구,202205,134
광진구,202206,129
구로구,201801,294
구로구,201802,313
구로구,201803,372
구로구,201804,347
구로구,201805,351
구로구,201806,321
구로구,201807,362
구로구,201808,333
구로구,201809,334
구로구,201810,351
구로구,201811,358
구로구,201812,335
구로구,201901,336
구로구,201902,326
구로구,201903,346
구로구,201904,314
구로구,201905,324
구로구,201906,312
구로구,201907,317
구로구,201908,288
구로구,201909,293
구로구,201910,298
구로구,201911,288
구로구,201912,267
구로구,202001,276
구로구,202002,249
구로구,202003,257
구로구,202004,258
구로구,202005,250
구로구,202006,264
구로구,202007,247
구로구,202008,271
구로구,202009,252
구로구,202010,274
구로구,202011,308
구로구,202012,238
구로구,202101,209
구로구,202102,236
구로구,202103,286
구로구,202104,245
구로구,202105,284
구로구,202106,277
구로구,202107,237
구로구,202108,248
구로구,202109,299
구로구,202110,264
구로구,202111,245
구로구,202112,255
구로구,202201,246
구로구,202202,236
구로구,202203,270
구로구,202204,279
구로구,202205,274
구로구,202206,240
구리시,201902,1
구리시,202003,5
구리시,202004,8
구리시,202005,3
구리시,202008,3
구리시,202009,8
구리시,202010,2
구리시,202012,6
구리시,202101,6
구리시,202107,4
구리시,202108,6
구리시,202111,1
금천구,201801,223
금천구,201802,205
금천구,201803,211
금천구,201804,229
금천구,201805,192
금천구,201806,199
금천구,201807,176
금천구,201808,190
금천구,201809,190
금천구,201810,201
금천구,201811,201
금천구,201812,191
금천구,201901,246
금천구,201902,219
금천구,201903,221
금천구,201904,206
금천구,201905,206
금천구,201906,200
금천구,201907,222
금천구,201908,260
금천구,201909,205
금천구,201910,199
금천구,201911,217
금천구,201912,252
금천구,202001,229
금천구,202002,221
금천구,202003,175
금천구,202004,164
금천구,202005,197
금천구,202006,170
금천구,202007,189
금천구,202008,211
금천구,202009,198
금천구,202010,165
금천구,202011,147
금천구,202012,172
금천구,202101,149
금천구,202102,159
금천구,202103,195
금천구,202104,196
금천구,202105,194
금천구,202106,204
금천구,202107,191
금천구,202108,215
금천구,202109,203
금천구,202110,209
금천구,202111,213
금천구,202112,185
금천구,202201,170
금천구,202202,146
금천구,202203,139
금천구,202204,162
금천구,202205,169
금천구,202206,131
김포시,201807,1
김포시,201808,1
김포시,201902,1
김포시,202002,1
김포시,202003,1
김포시,202005,1
김포시,202007,1
김포시,202008,3
김포시,202011,1
김포시,202012,5
김포시,202101,4
김포시,202103,2
김포시,202104,1
김포시,202107,3
김포시,202108,1
김포시,202109,1
김포시,202110,1
김포시,202201,4
남양주시,201804,1
남양주시,201806,2
남양주시,201810,1
남양주시,201811,1
남양주시,201901,1
남양주시,201902,2
남양주시,201908,1
남양주시,201909,1
남양주시,201911,1
남양주시,201912,1
남양주시,202001,1
남양주시,202003,2
남양주시,202004,1
남양주시,202005,2
남양주시,202006,1
남양주시,202008,1
남양주시,202009,3
남양주시,202102,1
남양주시,202104,3
남양주시,202107,3
남양주시,202108,1
남양주시,202109,3
남양주시,202111,2
남양주시,202112,2
남양주시,202204,1
남양주시,202205,5
남양주시,202206,3
노원구,201801,850
노원구,201802,772
노원구,201803,859
노원구,201804,827
노원구,201805,835
노원구,201806,802
노원구,201807,772
노원구,201808,759
노원구,201809,774
노원구,201810,821
노원구,201811,783
노원구,201812,743
노원구,201901,755
노원구,201902,689
노원구,201903,710
노원구,201904,738
노원구,201905,759
노원구,201906,734
노원구,201907,762
노원구,201908,787
노원구,201909,819
노원구,201910,773
노원구,201911,801
노원구,201912,894
노원구,202001,831
노원구,202002,762
노원구,202003,813
노원구,202004,771
노원구,202005,926
노원구,202006,860
노원구,202007,882
노원구,202008,888
노원구,202009,827
노원구,202010,860
노원구,202011,769
노원구,202012,860
노원구,202101,954
노원구,202102,809
노원구,202103,870
노원구,202104,831
노원구,202105,876
노원구,202106,780
노원구,202107,859
노원구,202108,887
노원구,202109,818
노원구,202110,860
노원구,202111,790
노원구,202112,840
노원구,202201,901
노원구,202202,803
노원구,202203,916
노원구,202204,825
노원구,202205,911
노원구,202206,690
덕양구,201901,1
덕양구,201909,1
덕양구,201910,1
덕양구,201911,1
덕양구,202001,1
덕양구,202003,3
덕양구,202008,2
덕양구,202010,1
덕양구,202012,2
덕양구,202102,2
덕양구,202104,1
덕양구,202105,2
덕양구,202106,1
덕양구,202109,1
덕양구,202112,1
덕양구,202203,1
덕양구,202204,1
도봉구,201801,324
도봉구,201802,267
도봉구,201803,303
도봉구,201804,283
도봉구,201805,305
도봉구,201806,270
도봉구,201807,299
도봉구,201808,278
도봉구,201809,290
도봉구,201810,281
도봉구,201811,292
도봉구,201812,267
도봉구,201901,250
도봉구,201902,225
도봉구,201903,264
도봉구,201904,268
도봉구,201905,259
도봉구,201906,240
도봉구,201907,226
도봉구,201908,225
도봉구,201909,218
도봉구,201910,229
도봉구,201911,194
도봉구,201912,217
도봉구,202001,253
도봉구,202002,273
도봉구,202003,351
도봉구,202004,296
도봉구,202005,251
도봉구,202006,230
도봉구,202007,249
도봉구,202008,230
도봉구,202009,262
도봉구,202010,286
도봉구,202011,269
도봉구,202012,249
도봉구,202101,244
도봉구,202102,240
도봉구,202103,303
도봉구,202104,302
도봉구,202105,322
도봉구,202106,311
도봉구,202107,319
도봉구,202108,286
도봉구,202109,290
도봉구,202110,306
도봉구,202111,300
도봉구,202112,285
도봉구,202201,248
도봉구,202202,246
도봉구,202203,294
도봉구,202204,265
도봉구,202205,306
도봉구,202206,218
동대문구,201801,289
동대문구,201802,233
동대문구,201803,223
동대문구,201804,228
동대문구,201805,281
동대문구,201806,277
동대문구,201807,266
동대문구,201808,223
동대문구,201809,234
동대문구,201810,248
동대문구,201811,221
동대문구,201812,265
동대문구,201901,280
동대문구,201902,261
동대문구,201903,236
동대문구,201904,232
동대문구,201905,241
동대문구,201906,227
동대문구,201907,207
동대문구,201908,226
동대문구,201909,244
동대문구,201910,253
동대문구,201911,259
동대문구,201912,271
동대문구,202001,333
동대문구,202002,259
동대문구,202003,300
동대문구,202004,284
동대문구,202005,266
동대문구,202006,200
동대문구,202007,219
동대문구,202008,231
동대문구,202009,246
동대문구,202010,235
동대문구,202011,205
동대문구,202012,300
동대문구,202101,272
동대문구,202102,227
동대문구,202103,159
동대문구,202104,171
동대문구,202105,150
동대문구,202106,148
동대문구,202107,192
동대문구,202108,191
동대문구,202109,198
동대문구,202110,186
동대문구,202111,206
동대문구,202112,227
동대문구,202201,228
동대문구,202202,187
동대문구,202203,238
동대문구,202204,216
동대문구,202205,200
동대문구,202206,179
동안구,202003,1
동안구,202008,1
동안구,202104,1
동안구,202105,1
동안구,202109,1
동안구,202201,1
동작구,201801,261
동작구,201802,230
동작구,201803,285
동작구,201804,291
동작구,201805,318
동작구,201806,267
동작구,201807,279
동작구,201808,280
동작구,201809,280
동작구,201810,293
동작구,201811,290
동작구,201812,299
동작구,201901,214
동작구,201902,194
동작구,201903,305
동작구,201904,294
동작구,201905,306
동작구,201906,272
동작구,201907,296
동작구,201908,249
동작구,201909,261
동작구,201910,248
동작구,201911,216
동작구,201912,243
동작구,202001,175
동작구,202002,209
동작구,202003,215
동작구,202004,225
동작구,202005,209
동작구,202006,243
동작구,202007,251
동작구,202008,198
동작구,202009,224
동작구,202010,258
동작구,202011,294
동작구,202012,314
동작구,202101,240
동작구,202102,224
동작구,202103,337
동작구,202104,319
동작구,202105,319
동작구,202106,343
동작구,202107,306
동작구,202108,275
동작구,202109,314
동작구,202110,326
동작구,202111,319
동작구,202112,288
동작구,202201,276
동작구,202202,200
동작구,202203,254
동작구,202204,255
동작구,202205,284
동작구,202206,200
마포구,201801,320
마포구,201802,262
마포구,201803,269
마포구,201804,291
마포구,201805,258
마포구,201806,294
마포구,201807,299
마포구,201808,292
마포구,201809,274
마포구,201810,276
마포구,201811,278
마포구,201812,291
마포구,201901,282
마포구,201902,276
마포구,201903,342
마포구,201904,308
마포구,201905,343
마포구,201906,301
마포구,201907,317
마포구,201908,252
마포구,201909,301
마포구,201910,295
마포구,201911,309
마포구,201912,308
마포구,202001,345
마포구,202002,291
마포구,202003,285
마포구,202004,282
마포구,202005,291
마포구,202006,273
마포구,202007,305
마포구,202008,327
마포구,202009,305
마포구,202010,349
마포구,202011,322
마포구,202012,350
마포구,202101,343
마포구,202102,284
마포구,202103,296
마포구,202104,305
마포구,202105,292
마포구,202106,335
마포구,202107,385
마포구,202108,399
마포구,202109,344
마포구,202110,333
마포구,202111,358
마포구,202112,391
마포구,202201,359
마포구,202202,338
마포구,202203,349
마포구,202204,340
마포구,202205,334
마포구,202206,235
만안구,201805,1
만안구,201811,2
만안구,201905,1
만안구,201911,1
만안구,201912,1
만안구,202002,1
만안구,202011,1
만안구,202101,2
만안구,202201,1
만안구,202204,2
분당구,201802,1
분당구,201803,1
분당구,201808,3
분당구,201902,1
분당구,202004,1
분당구,202005,2
분당구,202011,1
분당구,202104,1
분당구,202107,1
분당구,202108,3
서대문구,201801,276
서대문구,201802,250
서대문구,201803,229
서대문구,201804,221
서대문구,201805,254
서대문구,201806,250
서대문구,201807,302
서대문구,201808,292
서대문구,201809,275
서대문구,201810,263
서대문구,201811,284
서대문구,201812,304
서대문구,201901,331
서대문구,201902,259
서대문구,201903,292
서대문구,201904,286
서대문구,201905,294
서대문구,201906,291
서대문구,201907,353
서대문구,201908,397
서대문구,201909,390
서대문구,201910,400
서대문구,201911,413
서대문구,201912,415
서대문구,202001,348
서대문구,202002,296
서대문구,202003,365
서대문구,202004,396
서대문구,202005,387
서대문구,202006,405
서대문구,202007,442
서대문구,202008,440
서대문구,202009,429
서대문구,202010,412
서대문구,202011,400
서대문구,202012,380
서대문구,202101,350
서대문구,202102,329
서대문구,202103,431
서대문구,202104,400
서대문구,202105,424
서대문구,202106,420
서대문구,202107,407
서대문구,202108,378
서대문구,202109,344
서대문구,202110,306
서대문구,202111,358
서대문구,202112,363
서대문구,202201,365
서대문구,202202,319
서대문구,202203,336
서대문구,202204,338
서대문구,202205,329
서대문구,202206,249
서초구,201801,323
서초구,201802,283
서초구,201803,334
서초구,201804,310
서초구,201805,307
서초구,201806,302
서초구,201807,303
서초구,201808,360
서초구,201809,277
서초구,201810,274
서초구,201811,280
서초구,201812,342
서초구,201901,398
서초구,201902,315
서초구,201903,296
서초구,201904,275
서초구,201905,314
서초구,201906,281
서초구,201907,298
서초구,201908,311
서초구,201909,251
서초구,201910,278
서초구,201911,269
서초구,201912,259
서초구,202001,316
서초구,202002,265
서초구,202003,252
서초구,202004,187
서초구,202005,193
서초구,202006,174
서초구,202007,156
서초구,202008,203
서초구,202009,175
서초구,202010,183
서초구,202011,185
서초구,202012,196
서초구,202101,242
서초구,202102,216
서초구,202103,207
서초구,202104,201
서초구,202105,178
서초구,202106,179
서초구,202107,163
서초구,202108,205
서초구,202109,166
서초구,202110,208
서초구,202111,175
서초구,202112,185
서초구,202201,169
서초구,202202,172
서초구,202203,136
서초구,202204,139
서초구,202205,131
서초구,202206,115
성동구,201801,142
성동구,201802,163
성동구,201803,213
성동구,201804,185
성동구,201805,155
성동구,201806,183
성동구,201807,191
성동구,201808,233
성동구,201809,211
성동구,201810,210
성동구,201811,177
성동구,201812,187
성동구,201901,174
성동구,201902,172
성동구,201903,196
성동구,201904,187
성동구,201905,187
성동구,201906,218
성동구,201907,242
성동구,201908,220
성동구,201909,195
성동구,201910,217
성동구,201911,226
성동구,201912,170
성동구,202001,192
성동구,202002,169
성동구,202003,218
성동구,202004,213
성동구,202005,180
성동구,202006,164
성동구,202007,186
성동구,202008,189
성동구,202009,192
성동구,202010,197
성동구,202011,177
성동구,202012,196
성동구,202101,218
성동구,202102,179
성동구,202103,193
성동구,202104,205
성동구,202105,208
성동구,202106,183
성동구,202107,209
성동구,202108,193
성동구,202109,170
성동구,202110,169
성동구,202111,150
성동구,202112,148
성동구,202201,131
성동구,202202,130
성동구,202203,139
성동구,202204,175
성동구,202205,166
성동구,202206,145
성북구,201801,323
성북구,201802,230
성북구,201803,280
성북구,201804,297
성북구,201805,305
성북구,201806,291
성북구,201807,311
성북구,201808,304
성북구,201809,303
성북구,201810,296
성북구,201811,292
성북구,201812,300
성북구,201901,324
성북구,201902,302
성북구,201903,299
성북구,201904,271
성북구,201905,312
성북구,201906,294
성북구,201907,300
성북구,201908,307
성북구,201909,290
성북구,201910,316
성북구,201911,284
성북구,201912,263
성북구,202001,295
성북구,202002,251
성북구,202003,291
성북구,202004,287
성북구,202005,279
성북구,202006,247
성북구,202007,247
성북구,202008,234
성북구,202009,191
성북구,202010,205
성북구,202011,190
성북구,202012,196
성북구,202101,227
성북구,202102,169
성북구,202103,192
성북구,202104,175
성북구,202105,207
성북구,202106,177
성북구,202107,210
성북구,202108,231
성북구,202109,232
성북구,202110,277
성북구,202111,251
성북구,202112,272
성북구,202201,260
성북구,202202,225
성북구,202203,268
성북구,202204,268
성북구,202205,264
성북구,202206,207
소사구,201808,1
소사구,202003,1
소사구,202006,2
소사구,202007,2
소사구,202008,3
소사구,202009,4
소사구,202010,5
소사구,202011,1
소사구,202012,3
소사구,202101,2
소사구,202102,3
소사구,202103,1
소사구,202106,1
소사구,202109,1
소사구,202112,1
소사구,202202,3
소사구,202205,1
송파구,201801,384
송파구,201802,303
송파구,201803,277
송파구,201804,283
송파구,201805,308
송파구,201806,289
송파구,201807,305
송파구,201808,309
송파구,201809,278
송파구,201810,298
송파구,201811,290
송파구,201812,355
송파구,201901,378
송파구,201902,337
송파구,201903,315
송파구,201904,325
송파구,201905,300
송파구,201906,312
송파구,201907,345
송파구,201908,349
송파구,201909,356
송파구,201910,347
송파구,201911,300
송파구,201912,399
송파구,202001,450
송파구,202002,432
송파구,202003,441
송파구,202004,480
송파구,202005,466
송파구,202006,492
송파구,202007,539
송파구,202008,516
송파구,202009,433
송파구,202010,418
송파구,202011,407
송파구,202012,406
송파구,202101,382
송파구,202102,340
송파구,202103,344
송파구,202104,305
송파구,202105,311
송파구,202106,353
송파구,202107,413
송파구,202108,430
송파구,202109,360
송파구,202110,403
송파구,202111,364
송파구,202112,361
송파구,202201,354
송파구,202202,327
송파구,202203,343
송파구,202204,367
송파구,202205,371
송파구,202206,298
수정구,201801,1
수정구,201802,2
수정구,201803,1
수정구,201805,1
수정구,201811,1
수정구,201901,1
수정구,201903,1
수정구,201904,1
수정구,202003,1
수정구,202006,1
수정구,202007,2
수정구,202008,1
수정구,202009,2
수정구,202102,1
수정구,202103,2
수정구,202104,2
수정구,202105,3
수정구,202106,2
수정구,202107,1
수정구,202110,1
수정구,202111,2
수정구,202112,1
수정구,202202,1
수정구,202203,1
수정구,202204,2
수정구,202206,1
수지구,202005,1
양주시,201802,1
양주시,201909,1
양주시,201912,1
양주시,202001,1
양주시,202002,1
양주시,202003,1
양주시,202008,1
양주시,202009,3
양주시,202012,1
양주시,202101,1
양주시,202102,3
양주시,202103,1
양주시,202104,1
양주시,202106,1
양주시,202109,2
양주시,202111,2
양주시,202112,2
양주시,202201,2
양주시,202202,2
양주시,202204,1
양주시,202205,1
양주시,202206,1
양천구,201801,242
양천구,201802,268
양천구,201803,264
양천구,201804,227
양천구,201805,240
양천구,201806,230
양천구,201807,273
양천구,201808,237
양천구,201809,218
양천구,201810,258
양천구,201811,252
양천구,201812,255
양천구,201901,256
양천구,201902,235
양천구,201903,291
양천구,201904,295
양천구,201905,306
양천구,201906,297
양천구,201907,304
양천구,201908,247
양천구,201909,253
양천구,201910,240
양천구,201911,234
양천구,201912,226
양천구,202001,224
양천구,202002,192
양천구,202003,191
양천구,202004,164
양천구,202005,209
양천구,202006,231
양천구,202007,216
양천구,202008,234
양천구,202009,245
양천구,202010,226
양천구,202011,234
양천구,202012,239
양천구,202101,252
양천구,202102,231
양천구,202103,209
양천구,202104,223
양천구,202105,247
양천구,202106,271
양천구,202107,255
양천구,202108,227
양천구,202109,228
양천구,202110,260
양천구,202111,225
양천구,202112,233
양천구,202201,267
양천구,202202,220
양천구,202203,232
양천구,202204,237
양천구,202205,237
양천구,202206,210
영등포구,201801,188
영등포구,201802,208
영등포구,201803,266
영등포구,201804,229
영등포구,201805,271
영등포구,201806,263
영등포구,201807,258
영등포구,201808,247
영등포구,201809,245
영등포구,201810,228
영등포구,201811,224
영등포구,201812,251
영등포구,201901,218
영등포구,201902,199
영등포구,201903,223
영등포구,201904,217
영등포구,201905,218
영등포구,201906,224
영등포구,201907,251
영등포구,201908,275
영등포구,201909,222
영등포구,201910,219
영등포구,201911,201
영등포구,201912,211
영등포구,202001,188
영등포구,202002,218
영등포구,202003,279
영등포구,202004,260
영등포구,202005,260
영등포구,202006,242
영등포구,202007,274
영등포구,202008,279
영등포구,202009,267
영등포구,202010,284
영등포구,202011,218
영등포구,202012,220
영등포구,202101,252
영등포구,202102,208
영등포구,202103,254
영등포구,202104,220
영등포구,202105,230
영등포구,202106,216
영등포구,202107,219
영등포구,202108,217
영등포구,202109,245
영등포구,202110,218
영등포구,202111,236
영등포구,202112,204
영등포구,202201,198
영등포구,202202,177
영등포구,202203,180
영등포구,202204,163
영등포구,202205,190
영등포구,202206,172
오정구,201805,1
오정구,201909,2
오정구,202003,1
오정구,202004,1
오정구,202005,2
오정구,202106,1
용산구,201801,168
용산구,201802,163
용산구,201803,208
용산구,201804,200
용산구,201805,214
용산구,201806,206
용산구,201807,154
용산구,201808,217
용산구,201809,203
용산구,201810,216
용산구,201811,199
용산구,201812,208
용산구,201901,182
용산구,201902,175
용산구,201903,246
용산구,201904,266
용산구,201905,266
용산구,201906,246
용산구,201907,249
용산구,201908,228
용산구,201909,238
용산구,201910,274
용산구,201911,280
용산구,201912,232
용산구,202001,222
용산구,202002,218
용산구,202003,207
용산구,202004,243
용산구,202005,255
용산구,202006,264
용산구,202007,279
용산구,202008,215
용산구,202009,210
용산구,202010,192
용산구,202011,184
용산구,202012,234
용산구,202101,205
용산구,202102,199
용산구,202103,220
용산구,202104,221
용산구,202105,203
용산구,202106,199
용산구,202107,214
용산구,202108,194
용산구,202109,196
용산구,202110,210
용산구,202111,244
용산구,202112,252
용산구,202201,205
용산구,202202,164
용산구,202203,209
용산구,202204,215
용산구,202205,242
용산구,202206,172
원미구,201901,1
원미구,202007,1
원미구,202008,1
원미구,202009,2
원미구,202010,2
원미구,202011,1
원미구,202012,3
원미구,202101,2
원미구,202105,2
원미구,202106,1
원미구,202109,1
원미구,202201,1
은평구,201801,252
은평구,201802,227
은평구,201803,286
은평구,201804,321
은평구,201805,289
은평구,201806,286
은평구,201807,309
은평구,201808,287
은평구,201809,300
은평구,201810,303
은평구,201811,288
은평구,201812,303
은평구,201901,249
은평구,201902,239
은평구,201903,342
은평구,201904,351
은평구,201905,365
은평구,201906,366
은평구,201907,320
은평구,201908,312
은평구,201909,322
은평구,201910,337
은평구,201911,313
은평구,201912,326
은평구,202001,295
은평구,202002,256
은평구,202003,281
은평구,202004,281
은평구,202005,263
은평구,202006,241
은평구,202007,254
은평구,202008,281
은평구,202009,308
은평구,202010,304
은평구,202011,337
은평구,202012,352
은평구,202101,311
은평구,202102,290
은평구,202103,328
은평구,202104,283
은평구,202105,300
은평구,202106,247
은평구,202107,252
은평구,202108,249
은평구,202109,277
은평구,202110,263
은평구,202111,299
은평구,202112,302
은평구,202201,377
은평구,202202,353
은평구,202203,324
은평구,202204,284
은평구,202205,315
은평구,202206,231
의정부시,201801,1
의정부시,201803,1
의정부시,201805,1
의정부시,201806,1
의정부시,201807,1
의정부시,201809,3
의정부시,201811,1
의정부시,201902,1
의정부시,201905,1
의정부시,202005,1
의정부시,202009,2
의정부시,202010,3
의정부시,202011,2
의정부시,202101,2
의정부시,202104,1
의정부시,202105,2
의정부시,202106,1
의정부시,202107,1
의정부시,202108,2
의정부시,202109,1
의정부시,202201,2
의정부시,202203,3
일산동구,202001,1
일산동구,202003,4
일산동구,202004,2
일산동구,202009,1
일산동구,202102,2
일산동구,202103,1
일산동구,202105,1
일산동구,202108,2
일산동구,202110,1
일산동구,202203,1
일산동구,202205,1
일산서구,202004,1
일산서구,202012,1
일산서구,202101,1
일산서구,202103,2
일산서구,202111,1
일산서구,202201,2
종로구,201801,122
종로구,201802,116
종로구,201803,141
종로구,201804,150
종로구,201805,154
종로구,201806,145
종로구,201807,150
종로구,201808,159
종로구,201809,163
종로구,201810,168
종로구,201811,167
종로구,201812,160
종로구,201901,137
종로구,201902,140
종로구,201903,156
종로구,201904,114
종로구,201905,154
종로구,201906,121
종로구,201907,113
종로구,201908,111
종로구,201909,113
종로구,201910,124
종로구,201911,119
종로구,201912,120
종로구,202001,108
종로구,202002,94
종로구,202003,135
종로구,202004,145
종로구,202005,147
종로구,202006,136
종로구,202007,152
종로구,202008,148
종로구,202009,155
종로구,202010,161
종로구,202011,132
종로구,202012,142
종로구,202101,135
종로구,202102,97
종로구,202103,151
종로구,202104,139
종로구,202105,119
종로구,202106,86
종로구,202107,117
종로구,202108,138
종로구,202109,110
종로구,202110,131
종로구,202111,88
종로구,202112,98
종로구,202201,122
종로구,202202,108
종로구,202203,138
종로구,202204,153
종로구,202205,145
종로구,202206,121
중구,201801,156
중구,201802,145
중구,201803,159
중구,201804,144
중구,201805,142
중구,201806,142
중구,201807,167
중구,201808,174
중구,201809,142
중구,201810,165
중구,201811,150
중구,201812,146
중구,201901,138
중구,201902,119
중구,201903,124
중구,201904,130
중구,201905,125
중구,201906,122
중구,201907,134
중구,201908,128
중구,201909,120
중구,201910,118
중구,201911,117
중구,201912,122
중구,202001,126
중구,202002,120
중구,202003,114
중구,202004,114
중구,202005,112
중구,202006,119
중구,202007,118
중구,202008,124
중구,202009,121
중구,202010,135
중구,202011,171
중구,202012,146
중구,202101,125
중구,202102,109
중구,202103,139
중구,202104,108
중구,202105,123
중구,202106,113
중구,202107,102
중구,202108,84
중구,202109,106
중구,202110,112
중구,202111,93
중구,202112,98
중구,202201,94
중구,202202,89
중구,202203,62
중구,202204,89
중구,202205,92
중구,202206,74
중랑구,201801,421
중랑구,201802,386
중랑구,201803,383
중랑구,201804,322
중랑구,201805,357
중랑구,201806,348
중랑구,201807,317
중랑구,201808,328
중랑구,201809,314
중랑구,201810,325
중랑구,201811,319
중랑구,201812,377
중랑구,201901,351
중랑구,201902,316
중랑구,201903,346
중랑구,201904,360
중랑구,201905,366
중랑구,201906,391
중랑구,201907,369
중랑구,201908,366
중랑구,201909,378
중랑구,201910,377
중랑구,201911,354
중랑구,201912,409
중랑구,202001,326
중랑구,202002,337
중랑구,202003,372
중랑구,202004,372
중랑구,202005,357
중랑구,202006,370
중랑구,202007,349
중랑구,202008,369
중랑구,202009,367
중랑구,202010,363
중랑구,202011,317
중랑구,202012,313
중랑구,202101,365
중랑구,202102,392
중랑구,202103,373
중랑구,202104,377
중랑구,202105,335
중랑구,202106,342
중랑구,202107,371
중랑구,202108,359
중랑구,202109,355
중랑구,202110,360
중랑구,202111,333
중랑구,202112,394
중랑구,202201,397
중랑구,202202,389
중랑구,202203,446
중랑구,202204,453
중랑구,202205,437
중랑구,202206,414
중원구,201804,1
중원구,201805,1
중원구,201807,3
중원구,201808,2
중원구,201809,2
중원구,202003,1
중원구,202004,1
중원구,202104,1
중원구,202105,1
하남시,201801,2
하남시,201802,1
하남시,201803,4
하남시,201804,3
하남시,201806,2
하남시,201807,1
하남시,201808,1
하남시,201809,11
하남시,201810,5
하남시,201811,3
하남시,201812,2
하남시,201901,2
하남시,201902,2
하남시,201904,1
하남시,201905,1
하남시,201909,1
하남시,201910,1
하남시,201911,1
하남시,202002,1
하남시,202003,1
하남시,202004,1
하남시,202006,1
하남시,202007,1
하남시,202008,1
하남시,202009,1
하남시,202010,1
하남시,202011,1
하남시,202102,4
하남시,202103,1
하남시,202105,2
하남시,202109,1
하남시,202203,1
하남시,202205,1
